monday_id,slug,name,funder_org,funder_kind,canonical_subset,F01,F02,F03,F04,F05,F06,F07,F08,F09,F10,F11,F12,F13,F14,F15,F16,F17,F18,F19,F20,F21,F22,F23,F24,F25,F26,F27,F28,F29,F30,required_slot_ids,required_sub_slot_ids,useful_slot_ids,submission_notes
11813600602,aria-uk-full-programmes,ARIA (UK) — Full Programmes,ARIA (UK),federal_OT,heavy,Grants,Late,Not Started,Government,Grants,Programmes,"AI for Science;AI Safety",2026-05-08,Recurring Annual,4,Programme-specific online form (concept paper → full proposal),grant,"concept;full",heavy,,yes,false,fEC,60,,hybrid,,5000000,50000000,false,,standard,false,"Programme-fit;Technical novelty;ARIA-style ambition;Team & consortium fit",0,U01;U02;U03;U04;U05;U06;U07;U08;U09;U11;U15;U18;U20;A01;A02;A03;A04,U03.4;U06.5;U07.2;U08.2,U10;U13;U14;U17,ARIA programmes are mostly proactive — teams matched to a Programme Director and programme-specific call. Two-stage: concept → invited full proposal. Default to ARIA's ambitious + uneven framing.
11813600727,arpa-h-health-science-futures-iso,ARPA-H Health Science Futures (HSF) ISO,ARPA-H,federal_OT,heavy,Grants,Late,Under Consideration,Government,Grants,ISO (Innovative Solutions Opening),Healthcare,2029-03-05,Ongoing / Rolling,5,Solution Summary → written-feedback gate → Full Proposal,hybrid,"summary;full",heavy,,yes,false,OT_negotiated,60,,hybrid,arpah_mission_office.yaml,0,,false,,standard,true,"Mission relevance;Technical approach;Team capability;Cost realism",0,U01;U02;U03;U04;U05;U06;U07;U08;U09;U11;U13;U14;U15;U16;U17;U18;U19;U20;A01;A02;A03;A04,U06.5;U07.2;U08.2;U16.7;A03.6,U10;U12;U21,Solution Summary first; ARPA-H provides written feedback before any full proposal is accepted. Phased budget. NSPM-33 disclosures required. SAM.gov registration.
11813491582,nsf-tech-labs,NSF Tech Labs,NSF,federal_OT,heavy,Grants,Late,Under Consideration,Government,Grants,Tech Labs OT,AI for Science,,Recurring Annual,5,RFI → solicited concept → full proposal,hybrid,"concept;full",heavy,,yes,false,OT_negotiated,60,,hybrid,nsf_tech_labs.yaml,10000000,50000000,false,,standard,false,"Intellectual merit;Broader impacts;Phased technical plan;Translation pathway",0,U01;U02;U03;U04;U05;U06;U07;U08;U09;U10;U11;U12;U15;U17;U18;U20;A01;A02;A03;A04,U06.5;U07.2;U07.5;U08.2;U16.7;A03.6,U13;U14;U16;U21,NSF Tech Labs structured as OT with phase-envelope budgets ($10–50M/yr × ≥4y). Broader Impacts is a separate review criterion. Translation pathway load-bearing.
11813600729,nih-bridge2ai-stage-ii,NIH Bridge2AI Initiative (Stage II),NIH,federal_grant,heavy,Grants,Late,Not Started,Government,Grants,Cooperative Agreement (UG3/UH3),AI for Science,2026-07-01,Single Deadline,5,NIH ASSIST / Grants.gov,grant,"LOI;full",heavy,,yes,false,F&A_negotiated,60,,reactive,nih_r01.yaml,0,25000000,false,,standard,false,"Significance;Investigator(s);Innovation;Approach;Environment",0,U01;U02;U03;U04;U05;U06;U07;U08;U11;U12;U13;U14;U15;U16;U17;U20;A01;A02;A03;A04,U03.6;U08.5;U12.6;U12.7;U14.7;U16.7,U09;U10;U18;U19,Bridge2AI Stage II builds on Stage I data-generation projects. Heavy emphasis on AI-readiness and ELSI plan. UG3→UH3 phase transition criteria required.
11813600649,nsf-nih-smart-health-program,NSF-NIH Smart Health Program,NSF / NIH,federal_grant,heavy,Grants,Late,Not Started,Government,Grants,Joint NSF/NIH solicitation,AI for Science,2026-09-10,Recurring Annual,4,Research.gov / NSF FastLane,grant,"full",heavy,,yes,false,F&A_negotiated,48,NIH,reactive,,0,,false,,standard,false,"Intellectual merit;Broader impacts;Smart Health relevance",0,U01;U02;U03;U04;U05;U06;U07;U08;U11;U13;U14;U15;U16;U17;U20;A01;A02;A03;A04,U13.7;U14.7;U16.7;A04.11,U09;U10;U12;U18;U21,Joint NSF + NIH Smart Health solicitation. Mandatory publication acknowledgment template. NSF Broader Impacts review criterion.
11813600707,nsf-convergence-accelerator,NSF Convergence Accelerator,NSF,federal_grant,heavy,Grants,Late,Not Started,Government,Grants,Phase 1 / Phase 2 cooperative,Healthcare,,Recurring Annual,4,Track-aligned solicitation via Research.gov,grant,"round1;round2",heavy,,yes,false,F&A_negotiated,36,,reactive,,750000,5000000,false,,standard,false,"Convergence research;Use-inspired research;Team formation;Translation potential",0,U01;U02;U03;U04;U05;U06;U07;U08;U11;U17;U18;U20;A01;A02;A03;A04,U07.5;U08.5;U17.7;U20.6,U09;U10;U12;U13;U14;U21,Phase 1 (planning) → Phase 2 (build). Customer discovery / human-centered design plan is a hard requirement.
11813600599,convergent-research-fro,Convergent Research — FRO,Convergent Research,philanthropic_grant_proactive,heavy,Grants,Late,Under Consideration,FRO / Moonshot,Grants,FRO incubation,AI for Science,,Ongoing / Rolling,5,Idea submission via convergentresearch.org/get-involved,grant,"concept;full",heavy,,yes,false,capped_negotiated,60,,hybrid,,10000000,100000000,false,,no_confidential_ip,false,"FRO-fit;Coordination dividend;Capital-intensive necessity;Open-output commitment",0,U01;U02;U03;U04;U05;U06;U07;U08;U09;U11;U12;U15;U17;U18;U19;U20;A01;A02;A03;A04,U06.5;U07.2;U08.2;A04.9,U10;U13;U14;U21;U22,FROs ~$50M 5y open-output capital-intensive coordination problems. Funder reaches out proactively after idea submission. Confidentiality marker for unfiled IP.
11813600650,nih-primed-ai-program,NIH PRIMED-AI Program,NIH,federal_grant,heavy,Grants,Late,Not Started,Government,Grants,Common Fund — PRIMED-AI,AI for Science,2026-02-11,Recurring Annual,5,NIH ASSIST / Grants.gov,grant,"LOI;full",heavy,,yes,false,F&A_negotiated,60,,reactive,nih_r01.yaml,0,25000000,false,,standard,false,"Significance;Investigators;Innovation;Approach;Environment",0,U01;U02;U03;U04;U05;U06;U07;U08;U11;U12;U13;U14;U15;U16;U17;U20;A01;A02;A03;A04,U03.6;U12.6;U12.7;U14.7;U16.7;U20.1,U09;U10;U18;U19;U21,PRIMED-AI emphasizes multimodal data integration AI-readiness federated learning ELSI plan. EHR vendor partnership narrative load-bearing.
11813600588,wellcome-leap-programs,Wellcome Leap Programs,Wellcome Leap,philanthropic_grant_proactive,heavy,Grants,Late,Not Started,Philanthropic Foundation,Grants,Thrust-aligned program,"AI for Science;Healthcare;Proactive Health",2026-04-23,Recurring Annual,5,Abstract → full proposal via wellcomeleap.smapply.org,grant,"abstract;full",heavy,,yes,false,F&A_negotiated,36,,hybrid,,1000000,10000000,false,,standard,false,"Thrust-fit;Quantitative ambition;Technical approach;Open-output commitment",0,U01;U02;U03;U04;U05;U06;U07;U08;U09;U11;U12;U15;U17;U18;U20;A01;A02;A03;A04,U04.5;U07.2;U08.2;A03.6,U10;U13;U14;U22,Wellcome Leap runs DARPA-style thrust programs. Abstract → invited 25-page full proposal. Quantitative magnitude framing. MARFA/CORFA contract instruments.
11813491581,schmidt-sciences-programs,Schmidt Sciences Programs,Schmidt Sciences,private_grant,heavy,Grants,Late,Not Started,Philanthropic Foundation,Grants,"Multi-program (AI for Science;Postdocs;etc.)","AI for Science;General Tech",2026-05-17,Recurring Annual,4,Program-specific portal,grant,"LOI;full",heavy,,yes,false,capped_negotiated,36,,hybrid,,100000,5000000,false,,standard,false,"Scientific ambition;AI-for-science fit;Team;Open science",0,U01;U02;U03;U04;U05;U06;U07;U08;U11;U12;U15;U18;U20;A01;A02;A03;A04,U11.8;A03.7,U09;U10;U13;U14;U17;U21,Multi-program funder; per-program eligibility varies. Postdoc IDP and mentor/sponsor letter required for fellowship-track programs.
11813491585,aria-uk-opportunity-seeds,ARIA (UK) — Opportunity Seeds,ARIA (UK),federal_OT,heavy,Grants,Early,Not Started,Government,Grants,Seed (single-stage),"AI for Science;General Tech",,Ongoing / Rolling,4,ARIA grant platform single-stage,grant,"full",medium,,yes,false,fEC,12,,reactive,,50000,250000,false,,standard,false,"Opportunity-space fit;Feasibility;Team",0,U01;U02;U03;U04;U05;U06;U07;U08;U09;U11;U15;A01;A02;A03;A04,U03.4;U08.2,U10;U18;U20;U21,ARIA Opportunity Seeds are smaller (~£250k) single-stage grants. Lighter than full programmes. UK-resident PI / consortium preference.
11813600669,arpa-h-proactive-health-office-iso,ARPA-H Proactive Health Office (PHO) ISO,ARPA-H,federal_OT,heavy,Grants,Late,Under Consideration,Government,Grants,ISO (Innovative Solutions Opening),Proactive Health,2029-03-05,Ongoing / Rolling,5,Solution Summary → written-feedback gate → Full Proposal,hybrid,"summary;full",heavy,,yes,false,OT_negotiated,60,,hybrid,arpah_mission_office.yaml,0,,false,,standard,true,"Mission relevance;Population-level intervention;Technical approach;Team",0,U01;U02;U03;U04;U05;U06;U07;U08;U09;U11;U13;U14;U15;U16;U17;U18;U19;U20;A01;A02;A03;A04,U06.5;U07.2;U08.2;U16.7;U17.7;A03.6,U10;U12;U21,Same ISO mechanics as HSF. PHO-specific: population-level intervention design and proactive-health framing.
11813600652,horizon-europe-cluster-1-health,Horizon Europe — Cluster 1 Health,European Commission,intergovernmental_grant,heavy,Grants,Late,Not Started,Intergovernmental,Grants,RIA / IA / CSA,Healthcare,2026-04-16,Recurring Annual,4,EU Funding & Tenders Portal,grant,"full",heavy,,yes,30,flat_25pct,48,,reactive,,1500000,10000000,false,,standard,false,"Excellence;Impact;Implementation",3,U01;U02;U03;U04;U05;U06;U07;U08;U11;U12;U13;U14;U15;U16;U17;U18;U19;U20;A01;A02;A03;A04,U13.6;A03.6;A03.10,U09;U10;U21;U22,Consortium ≥3 entities from ≥3 different EU/Associated countries. Three-pillar evaluation. CDE Plan Gender-in-research-content Ethics self-assessment 25% flat-rate indirect.
11813600710,google-org-ai-for-science-impact-challenge,Google.org AI for Science Impact Challenge,Google,private_grant,heavy,Grants,Intermediate,Under Preparation,Corporate,Grants,Impact Challenge,AI for Science,2026-05-01,Single Deadline,5,Online challenge form,grant,"full",heavy,,yes,false,capped_negotiated,36,,reactive,google_impact_challenge.yaml,500000,1500000,false,,standard,false,"Mission alignment;Use of AI;Feasibility;Team;Impact",0,U01;U02;U03;U04;U05;U06;U07;U08;U09;U11;U12;U13;U14;U15;U17;U19;U20;A01;A02;A03;A04;A05,,U10;U16;U18;U21,Google.org Impact Challenge — competitive single-stage ~$1.5M typical. Heavy focus on AI use mission alignment demonstrated impact.
11813600629,czi-science,Chan Zuckerberg Initiative (CZI),CZI,private_grant,heavy,Small Grants,Intermediate,Not Started,Philanthropic Foundation,Small Grants,Science RFA,AI for Science,2026-06-05,Recurring Annual,4,CZI portal RFA,grant,"full",heavy,,yes,false,flat_15pct,36,,reactive,,100000,5000000,false,,standard,false,"Scientific impact;Open science;Diversity;Feasibility",0,U01;U02;U03;U04;U05;U06;U07;U08;U11;U12;U13;U15;U17;U20;A01;A02;A03;A04,U12.7;A03.6,U09;U10;U14;U18;U19;U22,CZI Science RFAs vary by program. 15% indirect cap. Open Science load-bearing — preprints FAIR data. No funds to mainland China.
11813501684,wellcome-trust-discovery-awards,Wellcome Trust Discovery Programs,Wellcome Trust,private_grant,heavy,Grants,Late,Not Started,Philanthropic Foundation,Grants,Discovery Award,Healthcare,2026-03-31,Recurring Annual,4,Preliminary application → Full application,grant,"LOI;full",heavy,,yes,false,fEC,84,,reactive,,1000000,5000000,false,UK / Ireland / LMIC (excl. mainland China & India),standard,false,"Research vision;Novelty;Methodology;Team & environment;EDI",0,U01;U02;U03;U04;U05;U06;U07;U08;U11;U12;U13;U15;U16;U17;U19;U20;A01;A02;A03;A04,U12.7;A03.6;A03.9;A03.10,U09;U10;U14;U21;U22,5-8y £1-3M UK-fEC or LMIC-equivalent. PI ≥20% time + permanent contract. Cannot fund mainland China; LMIC eligibility list applies.
11813491466,draper-richards-kaplan-foundation,Draper Richards Kaplan Foundation,DRK Foundation,private_grant,heavy,Small Grants,Early,Not Started,Philanthropic Foundation,Small Grants,3-year cohort engagement,Healthcare,,Ongoing / Rolling,3,Online application + pitch deck/business plan,TBD-at-closing,"full",medium,3,yes,false,direct_only,36,,reactive,,100000,300000,false,,standard,false,"Problem urgency;Systems thinking;Scalability (10k lives in 5y);Team;Theory of change",0,U01;U02;U03;U04;U05;U06;U07;U11;U17;U18;U19;U22;A01;A02;A03;A04,U04.5;U11.7;A04.7,U09;U10;U12;U13;U21,DRK chooses instrument (grant vs. equity) at closing. 3-year structured engagement; board placement. Theory of change required. Scalability bar: ≥10k lives in 5y.
11813600697,doe-genesis-mission,Genesis Mission,DoE,federal_OT,heavy,Grants,Late,Under Preparation,Government,Grants,Genesis Mission Focus Area 2,AI for Science,,Recurring Annual,5,Concept paper → full proposal via DOE portal,hybrid,"concept;full",heavy,,yes,false,OT_negotiated,60,,hybrid,doe_genesis.yaml,5000000,50000000,false,,standard,false,"Genesis-mission fit;Phased technical plan;Team;Translation",0,U01;U02;U03;U04;U05;U06;U07;U08;U09;U11;U12;U13;U14;U15;U16;U17;U18;U19;U20;A01;A02;A03;A04,U06.5;U07.2;U07.5;U08.2;U08.5;U16.7;A03.6;A03.13,U10;U21;U22,Phase I/II OT structure. 1 lead per institution (limited submission). NSPM-33 research-security disclosures. Phased-budget structure.
11813600712,coefficient-giving-global-health-rd,Coefficient Giving — Global Health R&D,Coefficient Giving,philanthropic_grant_proactive,heavy,Small Grants,Intermediate,Under Consideration,Philanthropic Foundation,Small Grants,Science & Global Health R&D Fund,Healthcare,,Ongoing / Rolling,5,Email pitch (1-2 pp) to science@coefficientgiving.org,grant,"concept;full",medium,,yes,false,capped_negotiated,36,,proactive,,100000,50000000,false,,standard,false,"Counterfactual;Cost-effectiveness (DALY/$);Team;Open output",0,U01;U02;U03;U04;U05;U06;U07;U11;U12;U17;U18;U21;U22;A01;A02;A03;A04,U18.6;U18.7;U21.1,U09;U10;U13;U14;U15;U19,Coefficient Giving (formerly Open Philanthropy) primarily proactive. Email-first; counterfactual + cost-effectiveness (DALYs/$) load-bearing. Existing-proposal acceptable.
11813501604,ea-funds-long-term-future-fund,EA Funds - Long-term Future Fund,Effective Altruism,ea_micro_grant,medium,Small Grants,Early,Under Consideration,EA / Longtermist,Small Grants,LTFF,AI Safety,,Ongoing / Rolling,4,EA Funds online form,grant,"full",light,,yes,false,direct_only,12,,reactive,,1000,500000,false,,standard,false,"Counterfactual;Theory of impact;Cost-effectiveness;Honest weaknesses",0,U01;U03;U04;U05;U06;U07;U11;U21;U22;A01;A02;A03,U05.4;U21.1,U02;U09;U10;U12;U14;U15,LTFF light-touch ~10k-char application; rolling. Counterfactual + theory-of-impact load-bearing. Individual or org grantee. ~4-month review cycles.
11813512971,emergent-ventures,Emergent Ventures,Mercatus Center,ea_micro_grant,medium,Small Grants,Early,Not Started,Philanthropic Foundation,Small Grants,Micro-grant / Tyler Cowen,,,Ongoing / Rolling,3,Online form via mercatus.org,grant,"full",light,,yes,false,direct_only,12,,reactive,,5000,100000,false,,standard,false,"Talent;Bold ideas;Counterfactual",0,U01;U03;U04;U11;U21;A01;A02;A03,A03.12,U05;U06;U07;U22,Tyler Cowen's discretionary micro-grant program. Light-touch (1-2 page proposal). Min applicant age 13+. Strong on talent/counterfactual; minimal admin.
11813600725,rwjf,Robert Wood Johnson Foundation (RWJF),RWJF,private_grant,heavy,Small Grants,Intermediate,Not Started,Philanthropic Foundation,Small Grants,Active funding opportunities (multi-program),Healthcare,2026-04-13,Recurring Annual,3,RWJF online (program-specific RFA),grant,"LOI;full",medium,,yes,false,capped_negotiated,24,,reactive,,50000,500000,false,,standard,false,"Health-equity fit;Theory of change;Community engagement;Sustainability",0,U01;U02;U03;U04;U05;U06;U07;U11;U13;U17;U19;U22;A01;A02;A03;A04,U13.7;A04.8,U09;U10;U12;U18;U21,RWJF runs many sub-programs all requiring 501(c)(3) determination letter. Theory of change + community-co-design load-bearing. ~25% indirect.
11813600589,ea-funds-infrastructure,EA Funds - Infrastructure,Effective Altruism,ea_micro_grant,medium,Small Grants,Early,Not Started,EA / Longtermist,Small Grants,EAIF,"AI for Science;AI Safety;Open Science",,Ongoing / Rolling,3,EA Funds online form,grant,"full",light,,yes,false,direct_only,12,,reactive,,1000,250000,false,,standard,false,"Counterfactual;Theory of impact;Cost-effectiveness;Honest weaknesses",0,U01;U03;U04;U05;U06;U07;U11;U21;U22;A01;A02;A03,U05.4;U21.1,U02;U09;U10;U12;U14;U15,Same form/cycle as LTFF but funds EA-ecosystem infrastructure (talent dev profession networks).
11813512997,aws-imagine-grant-pathfinder-genai,AWS Imagine Grant — Pathfinder GenAI,AWS,private_grant,heavy,Small Grants,Intermediate,Not Started,Corporate,Small Grants,Imagine Grant Pathfinder,AI for Science,2026-06-06,Recurring Annual,4,Two-round online portal (Round 2 by invitation),hybrid,"round1;round2",heavy,,yes,false,capped_negotiated,24,,reactive,,100000,300000,false,,standard,false,"Mission alignment;Frontier AI use case;Data readiness;Implementation",0,U01;U02;U03;U04;U05;U06;U07;U11;U14;U15;U17;U20;A01;A02;A03;A04,A04.8;U20.6,U09;U10;U12;U13;U18;U19,US 501(c) only; UK/Ireland regional variants exist. Pathfinder requires GenAI/agentic AI as core workload + AWS technical reference architecture. Round 2 by invitation.
11813600600,gates-foundation-grand-challenges-cost-disruptive-tools,Gates Foundation Grand Challenges - Cost-Disruptive Tools for Diagnosis and Screening,Gates Foundation,private_grant,heavy,Small Grants,Intermediate,Not Started,Philanthropic Foundation,Small Grants,Grand Challenges challenge,Healthcare,2026-04-28,Single Deadline,4,Grand Challenges portal,grant,"full",medium,,yes,false,flat_10pct,24,,reactive,,100000,1000000,false,,standard,false,"Cost-disruption magnitude;Global access;LMIC implementation;Team",0,U01;U02;U03;U04;U05;U06;U07;U11;U13;U17;U18;U19;A01;A02;A03;A04,U04.5;U18.7;U19.6;A04.8,U09;U10;U12;U14;U15;U22,Cost-disruptive framing; 10% indirect cap; Global Access Policy commitment; LMIC implementation pathway load-bearing.
11813491505,astera-institute-residency,Astera Institute Residency,Astera,private_fellowship,heavy,Accelerators & Incubators,Early,Under Preparation,Philanthropic Foundation,Accelerators & Incubators,Residency,"AI for Science;Open Science",2026-04-19,Recurring Annual,5,Astera online application,fellowship,"full",medium,,yes,false,direct_only,24,,reactive,astera_residency.yaml,100000,200000,true,"Emeryville, CA",standard,false,"Astera-fit;Anti-goals/out-of-scope clarity;Team;Open science",0,U01;U02;U03;U04;U06;U07;U09;U10;U11;U12;U17;A01;A02;A03;A04;A05,U09.4;A03.8;A04.6,U05;U08;U13;U14;U15;U18;U19;U20,In-person Emeryville residency. 2-min demo video gate. Out-of-scope/anti-goals (U09.4) explicitly required (Astera Q7).
11813491457,fast-forward-accelerator,Fast Forward Accelerator,Fast Forward,accelerator,medium,Accelerators & Incubators,Early,Not Started,Philanthropic Foundation,Accelerators & Incubators,Tech-nonprofit accelerator,"Open Science;General Tech",2026-09-08,Recurring Annual,3,Online application via apply.ffwd.org,hybrid,"full",medium,,yes,false,direct_only,6,,reactive,,25000,25000,true,In-person events (US),standard,false,"Founder proximity;MVP demonstrated;Software-first scaling;Mission impact",0,U01;U03;U04;U11;U17;U19;A01;A02;A03;A04,U11.7;A04.6,U02;U05;U06;U10;U18;U22,Funds early-stage tech nonprofits with MVP. Founder lived-experience/proximity to problem load-bearing. MVP demo gate. In-person events required.
11813600709,astrazeneca-change,AstraZeneca CHANGE Program,AstraZeneca Foundation,private_grant,heavy,Small Grants,Intermediate,Not Started,Corporate,Small Grants,Health-equity grant,Healthcare,2026-04-29,Recurring Annual,2,Initial application → invited full via CyberGrants,grant,"LOI;full",medium,,yes,false,capped_negotiated,24,,reactive,,50000,500000,false,CA / DE / MD / MA / TX,standard,false,"Health equity;Social drivers of health;Partnership;Sustainability",0,U01;U03;U04;U05;U06;U07;U11;U13;U17;U19;U22;A01;A02;A03;A04,U13.7;A03.10;A03.11;A04.8,U02;U09;U10;U18;U21,US-only 501(c)(3) (no 509(a)(3)) revenue ≤$12M served populations in CA/DE/MD/MA/TX. Theory of change required. Two-stage with CyberGrants for full proposal.
11813497870,unesco-who-open-science,UNESCO/WHO Open Science Projects,UNESCO / WHO,intergovernmental_grant,heavy,Small Grants,Intermediate,Not Started,Intergovernmental,Small Grants,Open Science Participation Grant,"Healthcare;Open Science",2026-04-19,Recurring Annual,3,UNESCO portal,grant,"full",medium,,yes,false,capped_negotiated,24,WHO,reactive,,50000,250000,false,,standard,false,"Open science alignment;Member-state benefit;Feasibility",0,U01;U02;U03;U04;U06;U07;U11;U12;U13;U17;U19;U20;A01;A02;A03;A04,U12.7;A03.10,U05;U08;U09;U14;U15;U18,UNESCO Participation Programme grants follow biennial cycles. WHO program details unconfirmed. Open Science Recommendation alignment load-bearing.
11813600696,qb3-bakar-labs,QB3 / Bakar Labs (UC Berkeley),QB3 / UC Berkeley,accelerator,medium,Accelerators & Incubators,Early,Not Started,Corporate,Accelerators & Incubators,Wet-lab incubator,"AI for Science;Healthcare;Biotech/Pharma",2026-05-29,Ongoing / Rolling,2,QB3-Berkeley application,in-kind,"full",medium,,yes,false,,24,,reactive,,0,0,true,"Berkeley, CA (Bakar Bio Labs)",standard,false,"Wet-lab fit;Stage;Team",0,U01;U03;U04;U11;A01;A02;A03;A04,A04.10,U02;U05;U06;U07;U17;U18,Bakar Bio Labs in-kind only (lab space + equipment subsidized rent). Wet-lab needs assessment required. Cytognosis fit low — software/AI-first.
11813497887,adobe-for-nonprofits,Adobe for Nonprofits,Adobe,nonprofit_discount,light,Discounts,Early,Rejected,Corporate,Discounts,SaaS discount (TechSoup-mediated),General Tech,,Ongoing / Rolling,2,TechSoup verification,discount,"verification_only",light,,verification_only,false,,12,,reactive,,0,0,false,,standard,false,,0,A01;A03,A04.8,,Adobe nonprofit discount via TechSoup. Verification-only. Inventory marks Rejected.
11813600651,aws-activate,AWS Activate,AWS,corporate_credit,light,Accelerators & Incubators,Early,Not Started,Corporate,Accelerators & Incubators,Cloud credits (Activate Portfolio),"AI for Science;General Tech",2026-06-05,Ongoing / Rolling,3,AWS Activate online form,credits,"full",light,,yes,false,,12,,reactive,,1000,100000,false,,standard,false,"Stage eligibility;Activate Provider relationship",0,A01;A02;A03,A03.12,U01;U03,Activate has Founders Package ($1k) and Portfolio Package ($100k) gated by Activate Provider Org ID. 501(c)(3) may not qualify; AWS Imagine or Nonprofit Credit Program preferred.
11813600586,indiebio-sosv,IndieBio (SOSV),SOSV / IndieBio,vc_investment,medium,Investment,Early,Not Started,Venture Capital,Investment,Cohort-based biotech accelerator + VC,Biotech/Pharma,,Recurring Annual,2,IndieBio online application,investment,"full",medium,10,yes,false,,4,,reactive,,350000,525000,true,SF or NY,standard,false,"Bio thesis;Founder team;Wet-lab feasibility",0,U01;U03;U04;U10;U11;A01;A02;A03;A04,A03.8;A04.7,U02;U05;U06;U07;U17;U18,Equity (~$525k for ~8%) for 4-month cohort in SF or NY. 501(c)(3) is poor fit (for-profit-oriented).
11813512974,y-combinator,Y Combinator,Y Combinator,accelerator,medium,Investment,Early,Rejected,Venture Capital,Investment,YC core / nonprofit cohort,"AI for Science;Healthcare;General Tech",2026-05-04,Recurring Annual,3,YC online application + 1-min video,investment,"full",medium,10,yes,false,,3,,reactive,yc_s26_pbc.yaml,500000,500000,true,SF Bay Area,standard,false,"Founder team;Product/market fit;Why-now",0,U01;U03;U04;U09;U10;U11;U17;A01;A02;A03;A04;A05,A03.8;A04.6,U02;U05;U06;U07;U18;U19,Cytognosis path is YC nonprofit cohort (covered by yc_s26_pbc canonical funder). 1-min video required. Inventory Rejected — strategic decision not to apply.
11813600626,anthropic-ai-for-science,Anthropic AI for Science Program,Anthropic,corporate_credit,light,Credits,Early,Not Started,Corporate,Credits,API credits for science,"AI for Science;AI Safety;Biotech/Pharma",,Ongoing / Rolling,5,Google Form (linked from program page),credits,"full",light,,yes,false,,6,,reactive,,0,20000,false,,standard,false,"Scientific merit;Impact;Technical feasibility;Team credentials",0,U01;U03;U11;A01;A02;A03,,U02;U04;U14,$20k API credits 6-month redemption. Academic/nonprofit only. Strong direct fit for Cytognosis.
11813497863,berkeley-skydeck,Berkeley SkyDeck,UC Berkeley,accelerator,medium,Accelerators & Incubators,Early,Not Started,Venture Capital,Accelerators & Incubators,University accelerator,"AI for Science;Healthcare;General Tech",,Recurring Annual,2,SkyDeck online application,investment,"full",medium,10,yes,false,,6,,reactive,,75000,200000,true,"Berkeley, CA",standard,false,"Berkeley affiliation (preferred);Founder team;Stage",0,U01;U03;U04;U10;U11;A01;A02;A03;A04,A03.8;A04.7,U05;U06;U07;U17,UC Berkeley accelerator. Mostly Berkeley-affiliated startups. Cytognosis fit low (501c3).
11813600587,google-hai-def,Google Health AI Developer Foundations (HAI-DEF),Google,corporate_credit,light,Credits,Early,Not Started,Corporate,Credits,Health AI developer access,"AI for Science;Healthcare;Digital Health",,Ongoing / Rolling,4,Google developer signup,credits,"verification_only",light,,verification_only,false,,12,,reactive,,0,0,false,,standard,false,,0,A01;A02;A03,,,HAI-DEF gives developer access to Google's health AI foundation models. Verification-only.
11813491465,foresight-ai-safety-science-nodes,Foresight Institute — AI for Science & Safety Nodes,Foresight Institute,private_fellowship,heavy,Accelerators & Incubators,Early,Rejected,EA / Longtermist,Accelerators & Incubators,Node residency,AI Safety,,Recurring Annual,4,Foresight grants portal,fellowship,"full",medium,,yes,false,direct_only,12,,reactive,foresight_nodes.yaml,50000,250000,true,SF / Berlin,standard,false,"AI safety relevance;Open science;Team;Theory of change",0,U01;U02;U03;U04;U05;U06;U07;U08;U11;U12;U14;U15;U17;U19;U20;A01;A02;A03;A04;A05,A03.8;U21.1;U22.1,U09;U10;U13;U18,6-12 month residencies in SF or Berlin. Strong on AI safety + open science. Cytognosis previously rejected per inventory.
11813497936,atlassian-for-nonprofits,Atlassian for Nonprofits,Atlassian,nonprofit_discount,light,Discounts,Early,Not Started,Corporate,Discounts,SaaS discount,General Tech,,Ongoing / Rolling,1,Atlassian Foundation verification,discount,"verification_only",light,,verification_only,false,,12,,reactive,,0,0,false,,standard,false,,0,A01;A03,A04.8,,Atlassian community license for verified nonprofits. Verification-only.
11813600627,matlab-startup-program,MATLAB Startup Program,MathWorks,corporate_credit,light,Accelerators & Incubators,Early,Not Started,Corporate,Accelerators & Incubators,Software license discount,"AI for Science;General Tech",,Ongoing / Rolling,2,MathWorks startup application,discount,"verification_only",light,,yes,false,,12,,reactive,,0,0,false,,standard,false,,0,A01;A02;A03,,,MathWorks discounted MATLAB license for early-stage startups.
11813612467,microsoft-azure-nvidia-healthcare,Microsoft Azure + NVIDIA Healthcare,Microsoft / NVIDIA,corporate_credit,light,Credits,Early,Not Started,Corporate,Credits,Joint Microsoft+NVIDIA healthcare program,"AI for Science;Healthcare;Biotech/Pharma",,Ongoing / Rolling,3,Microsoft for Startups application,credits,"full",light,,yes,false,,12,NVIDIA,reactive,,0,200000,false,,standard,false,,0,A01;A02;A03,,U01;U03,Joint Microsoft + NVIDIA healthcare cloud-credit program. Up to ~$200k Azure credits + NVIDIA tooling.
11813491463,brains-accelerator,Brains Accelerator (Spec.tech),Speculative Technologies,private_fellowship,heavy,Accelerators & Incubators,Early,Rejected,Philanthropic Foundation,Accelerators & Incubators,Hard-tech accelerator,,,Recurring Annual,4,Spec.tech online application,fellowship,"full",medium,,yes,false,direct_only,6,,reactive,brains_accelerator.yaml,50000,250000,false,,standard,false,"Bold thesis;Why-now;Team;Translation",0,U01;U02;U03;U04;U05;U08;U09;U10;U11;U17;U18;U19;A01;A02;A03;A04;A05,,U06;U07;U12;U13;U14;U15;U22,Brains Accelerator focuses on bold tech thesis + opportunity-space framing. Cytognosis previously rejected.
11813497869,nvidia-inception,NVIDIA Inception Program,NVIDIA,corporate_credit,light,Credits,Early,Rejected,Corporate,Credits,GPU credits + ecosystem,"AI for Science;Healthcare;General Tech",,Ongoing / Rolling,3,NVIDIA Inception application,credits,"full",light,,yes,false,,12,,reactive,,0,0,false,,standard,false,,0,A01;A02;A03,,U01;U03,NVIDIA Inception is for AI startups; eligibility historically excluded most nonprofits — reflected in inventory Rejected status.
11813600628,jnj-jlabs,Johnson & Johnson JLABS,Johnson & Johnson,accelerator,medium,Accelerators & Incubators,Early,Not Started,Corporate,Accelerators & Incubators,Pharma-anchored incubator (no equity),"Healthcare;Biotech/Pharma",,Ongoing / Rolling,2,JLABS online application,in-kind,"full",medium,,yes,false,,24,,reactive,,0,200000,true,JLABS site (multi-city),standard,false,"Healthcare innovation;Strategic alignment with J&J;Stage;Wet-lab needs",0,U01;U03;U04;U11;U17;U20;A01;A02;A03;A04,A04.10;U20.6,U02;U05;U06;U07;U18,JLABS is no-strings (no equity) but co-located with J&J. Strategic-alignment narrative load-bearing. Wet-lab needs assessment required.
11813497915,aws-nonprofit-credit-program,AWS Nonprofit Credit Program,AWS,nonprofit_discount,light,Discounts,Early,Not Started,Corporate,Discounts,Nonprofit cloud credits,General Tech,,Ongoing / Rolling,4,AWS Nonprofit Credit application,credits,"verification_only",light,,verification_only,false,,12,,reactive,,0,2000,false,,standard,false,,0,A01;A03,A04.8,,$2k AWS credits for verified 501(c)(3). Verification-only.
11813497864,google-cloud-ai-startup-program,Google Cloud AI Startup Program,Google,corporate_credit,light,Credits,Early,Not Started,Corporate,Credits,Cloud + AI credits,AI for Science,,Ongoing / Rolling,4,Google for Startups Cloud Program application,credits,"full",light,,yes,false,,12,,reactive,,0,350000,false,,standard,false,,0,A01;A02;A03,,U01;U03,Up to $350k Google Cloud credits for AI startups (tiered). Self-serve eligibility via VC/accelerator partner.
11813512999,canva-for-nonprofits,Canva for Nonprofits,Canva,nonprofit_discount,light,Discounts,Early,Approved / Granted,Corporate,Discounts,Free SaaS,General Tech,,Ongoing / Rolling,2,Goodstack/Percent verification,discount,"verification_only",light,,verification_only,false,,12,,reactive,,0,0,false,,standard,false,,0,A01;A03,A04.8,,Canva Pro free for verified nonprofits (up to ~50 users). Already approved.
11813512972,cisco-meraki-for-nonprofits,Cisco / Meraki for Nonprofits,Cisco,nonprofit_discount,light,Discounts,Early,Not Started,Corporate,Discounts,Hardware + SaaS discount (TechSoup),General Tech,,Ongoing / Rolling,1,TechSoup verification,discount,"verification_only",light,,verification_only,false,,12,,reactive,,0,0,false,,standard,false,,0,A01;A03,A04.8,,Cisco/Meraki discount via TechSoup. Verification-only.
11813612379,dell-for-nonprofits,Dell Technologies for Nonprofits,Dell,nonprofit_discount,light,Discounts,Early,Approved / Granted,Corporate,Discounts,Hardware discount (TechSoup),General Tech,,Ongoing / Rolling,1,TechSoup verification,discount,"verification_only",light,,verification_only,false,,12,,reactive,,0,0,false,,standard,false,,0,A01;A03,A04.8,,Dell hardware discount via TechSoup. Already approved.
11813497855,claude-for-nonprofits,Claude for Nonprofits,Anthropic,nonprofit_discount,light,Discounts,Early,Approved / Granted,Corporate,Discounts,SaaS discount (Claude Pro/Team),"AI for Science;AI Safety",,Ongoing / Rolling,5,Anthropic nonprofit verification,discount,"verification_only",light,,verification_only,false,,12,,reactive,,0,0,false,,standard,false,,0,A01;A03,A04.8,,Claude for Nonprofits — discounted Pro/Team. Already approved.
11813513009,google-workspace-for-nonprofits,Google Workspace for Nonprofits,Google,nonprofit_discount,light,Discounts,Early,Approved / Granted,Corporate,Discounts,Workspace free tier,General Tech,,Ongoing / Rolling,5,Google for Nonprofits verification,discount,"verification_only",light,,verification_only,false,,12,,reactive,,0,0,false,,standard,false,,0,A01;A03,A04.8,,Google Workspace for Nonprofits — free tier. Already approved (primary render target).
11813513006,docusign-for-nonprofits,DocuSign for Nonprofits,DocuSign,nonprofit_discount,light,Discounts,Early,Not Started,Corporate,Discounts,SaaS discount,General Tech,,Ongoing / Rolling,1,DocuSign IAM nonprofit application,discount,"verification_only",light,,verification_only,false,,12,,reactive,,0,0,false,,standard,false,,0,A01;A03,A04.8,,DocuSign nonprofit plan. Verification-only.
11813512931,hp-for-nonprofits,HP Inc. for Nonprofits,HP Inc.,nonprofit_discount,light,Discounts,Early,Approved / Granted,Corporate,Discounts,Hardware discount (TechSoup),General Tech,,Ongoing / Rolling,1,TechSoup verification,discount,"verification_only",light,,verification_only,false,,12,,reactive,,0,0,false,,standard,false,,0,A01;A03,A04.8,,HP hardware discount via TechSoup. Already approved.
11813512998,linkedin-for-nonprofits,LinkedIn for Nonprofits,LinkedIn / Microsoft,nonprofit_discount,light,Discounts,Early,Approved / Granted,Corporate,Discounts,SaaS discount,General Tech,,Ongoing / Rolling,2,LinkedIn Nonprofit verification,discount,"verification_only",light,,verification_only,false,,12,,reactive,,0,0,false,,standard,false,,0,A01;A03,A04.8,,LinkedIn for Nonprofits (recruiter / learning discounts). Already approved.
11813491485,github-for-nonprofits,GitHub for Nonprofits,GitHub,nonprofit_discount,light,Discounts,Early,Approved / Granted,Corporate,Discounts,SaaS discount,"Open Science;General Tech",,Ongoing / Rolling,5,GitHub for Nonprofits verification,discount,"verification_only",light,,verification_only,false,,12,,reactive,,0,0,false,,standard,false,,0,A01;A03,A04.8,,GitHub Team free for verified nonprofits. Already approved (primary code-hosting platform).
11813497941,zoom-for-nonprofits,Zoom for Nonprofits,Zoom,nonprofit_discount,light,Discounts,Early,Approved / Granted,Corporate,Discounts,SaaS discount,General Tech,,Ongoing / Rolling,3,Zoom for Nonprofits verification,discount,"verification_only",light,,verification_only,false,,12,,reactive,,0,0,false,,standard,false,,0,A01;A03,A04.8,,Zoom for Nonprofits — discounted Pro/Business. Already approved.
11813497972,monday-for-nonprofits,Monday.com for Nonprofits,Monday.com,nonprofit_discount,light,Discounts,Early,Approved / Granted,Corporate,Discounts,SaaS discount,General Tech,,Ongoing / Rolling,5,Monday.com nonprofit verification,discount,"verification_only",light,,verification_only,false,,12,,reactive,,0,0,false,,standard,false,,0,A01;A03,A04.8,,Monday.com for Nonprofits — discounted plan. Already approved (primary workspace platform).
11813497974,slack-for-nonprofits,Slack for Nonprofits,Slack / Salesforce,nonprofit_discount,light,Discounts,Early,Approved / Granted,Corporate,Discounts,SaaS discount,General Tech,,Ongoing / Rolling,4,Slack for Nonprofits verification,discount,"verification_only",light,,verification_only,false,,12,,reactive,,0,0,false,,standard,false,,0,A01;A03,A04.8,,Slack for Nonprofits — Standard plan free or 85% off. Already approved.
11813612358,lenovo-for-nonprofits,Lenovo for Nonprofits,Lenovo,nonprofit_discount,light,Discounts,Early,Approved / Granted,Corporate,Discounts,Hardware discount (TechSoup),General Tech,,Ongoing / Rolling,1,TechSoup verification,discount,"verification_only",light,,verification_only,false,,12,,reactive,,0,0,false,,standard,false,,0,A01;A03,A04.8,,Lenovo hardware discount via TechSoup. Already approved.
11813497938,otter-for-nonprofits,Otter.ai for Nonprofits,Otter.ai,nonprofit_discount,light,Discounts,Early,Not Started,Corporate,Discounts,SaaS discount (TechSoup),General Tech,,Ongoing / Rolling,2,TechSoup verification,discount,"verification_only",light,,verification_only,false,,12,,reactive,,0,0,false,,standard,false,,0,A01;A03,A04.8,,Otter.ai discount via TechSoup. Verification-only.
11813497868,microsoft-for-nonprofits,Microsoft for Nonprofits,Microsoft,nonprofit_discount,light,Discounts,Early,Not Started,Corporate,Discounts,SaaS + Azure discount,General Tech,,Ongoing / Rolling,3,Microsoft Cloud for Nonprofit verification,discount,"verification_only",light,,verification_only,false,,12,,reactive,,0,0,false,,standard,false,,0,A01;A03,A04.8,,Microsoft for Nonprofits — Cloud + M365 discounts.
11813497940,openai-for-nonprofits,OpenAI for Nonprofits,OpenAI,nonprofit_discount,light,Discounts,Early,Approved / Granted,Corporate,Discounts,SaaS discount (ChatGPT Team),"AI for Science;AI Safety",,Ongoing / Rolling,4,OpenAI nonprofit verification,discount,"verification_only",light,,verification_only,false,,12,,reactive,,0,0,false,,standard,false,,0,A01;A03,A04.8,,OpenAI ChatGPT Team discount for nonprofits. Already approved.
11813497886,notion-for-nonprofits,Notion for Nonprofits,Notion,nonprofit_discount,light,Discounts,Early,Not Started,Corporate,Discounts,SaaS discount,General Tech,,Ongoing / Rolling,1,Notion nonprofit verification,discount,"verification_only",light,,verification_only,false,,12,,reactive,,0,0,false,,standard,false,,0,A01;A03,A04.8,,Notion Plus plan free for verified nonprofits.
11813512932,fifty-years-vc-5050-fellowship,Fifty Years VC - 5050 Fellowship,Fifty Years,vc_investment,medium,Investment,Early,Not Started,Venture Capital,Investment,Fellowship-to-investment,"AI for Science;AI Safety;Biotech/Pharma",2026-06-30,Recurring Annual,2,5050 online application,hybrid,"round1;round2",medium,10,yes,false,,4,,reactive,,0,0,true,SF (cohort kickoff + camp),standard,false,"Founder readiness;PhD-stage credibility;Bold idea",0,U01;U03;U10;U11;A01;A02;A03;A04,A03.8;A03.12,U02;U04;U17;U18,Phase I (Explore) → Phase II (Build) with potential investment. PhD/early-company stage. Cytognosis fit low (already established 501c3).
11813600708,mixpanel-for-startups,Mixpanel for Startups,Mixpanel,nonprofit_discount,light,Discounts,Early,Not Started,Corporate,Discounts,SaaS startup discount,"Digital Health;General Tech",,Ongoing / Rolling,1,Mixpanel startups application,discount,"verification_only",light,,verification_only,false,,12,,reactive,,0,150000,false,,standard,false,,0,A01;A03,,,Mixpanel Startups (analytics credits up to ~$150k value). Verification-only.
11813491455,anthropic-anthology-fund,Anthropic Anthology Fund,Anthropic / Menlo Ventures,vc_investment,medium,Investment,Early,Not Started,Venture Capital,Investment,Anthology Fund (Menlo-led),"AI for Science;Healthcare;Digital Health",,Ongoing / Rolling,2,Online application + demo video,investment,"full",medium,10,yes,false,,24,Menlo Ventures,hybrid,,100000,5000000,false,,standard,false,"AI complementarity to Anthropic;Team;Why-now;Demo",0,U01;U03;U04;U10;U11;A01;A02;A03;A04,A04.6;A04.7,U02;U05;U06;U17;U18,Demo video required. Pre-Seed/Seed/Series A. Cytognosis fit low (501c3).
11813512975,breakthrough-energy-ventures,Breakthrough Energy Ventures,Breakthrough Energy,vc_investment,medium,Investment,Late,Not Started,Venture Capital,Investment,Patient-capital climate VC,Climate/Energy,,Ongoing / Rolling,1,Warm intro / direct outreach,investment,"invitation_only",medium,20,invitation_only,false,,,,hybrid,,5000000,50000000,false,,nda_required,false,"≥0.5 Gt/yr GHG reduction;Scientific feasibility;Affordability at scale",0,U01;U03;U04;U10;U11;A01;A02;A03;A04,U04.5;A04.7,U02;U05;U06;U17;U18;U19,≥0.5 Gt/yr GHG-reduction threshold. 20-year ROI horizon. Cytognosis fit very low (health not climate).
11813497867,lux-capital,Lux Capital,Lux Capital,vc_investment,medium,Investment,Intermediate,Not Started,Venture Capital,Investment,Deep-tech VC,"AI for Science;Biotech/Pharma;General Tech",,Ongoing / Rolling,2,Warm intro + pitch deck,investment,"invitation_only",medium,10,invitation_only,false,,,,hybrid,,100000,100000000,false,,standard,false,"Deep-tech moat;Technical founder;Contrarian thesis",0,U01;U03;U04;U10;U11;A01;A02;A03;A04,A04.7,U02;U05;U09;U17;U18,Deep-tech / contrarian thesis VC. Cytognosis fit low (501c3).
11813600692,deep-science-ventures,Deep Science Ventures,Deep Science Ventures,venture_builder,medium,Investment,Early,Not Started,Venture Capital,Investment,Venture studio + VC,"AI for Science;Biotech/Pharma",,Ongoing / Rolling,1,DSV scientist application,investment,"round1;round2",medium,10,yes,false,,,,hybrid,,500000,2000000,true,London / NY,standard,false,"Scientific background;Sector fit;Founder readiness",0,U01;U03;U04;U10;U11;A01;A02;A03;A04,A04.7,U02;U05;U06;U17;U18,Venture builder model. Sectors: climate computation agriculture pharma. Cytognosis fit low (501c3).
11813497971,the-next-sequence-vc,The Next Sequence VC,The Next Sequence,vc_investment,medium,Investment,Early,Not Started,Venture Capital,Investment,AI + biotech VC,"AI for Science;Biotech/Pharma",,Ongoing / Rolling,1,Direct outreach + pitch deck,investment,"invitation_only",medium,10,invitation_only,false,,,,hybrid,,1000000,5000000,false,,standard,false,,0,U01;U03;U04;U10;U11;A01;A02;A03;A04,A04.7,U02;U05;U06;U17;U18,Profile partial — limited public detail. Treat as standard early-stage AI/biotech VC. Cytognosis fit low.
11813600630,foresite-labs,Foresite Labs,Foresite Labs,venture_builder,medium,Investment,Early,Not Started,Venture Capital,Investment,Health-data venture studio,"AI for Science;Healthcare;Digital Health",,Ongoing / Rolling,1,Direct outreach + pitch deck,investment,"invitation_only",medium,10,invitation_only,false,,,,hybrid,,1000000,10000000,false,,standard,false,,0,U01;U03;U04;U10;U11;A01;A02;A03;A04,A04.7,U02;U05;U06;U17;U18,Health-data venture studio (Foresite Capital affiliate). Cytognosis fit low (501c3).
