origin,rdoc_domain,rdoc_construct,rdoc_subconstruct,hitop_spectrum,hitop_subfactor,sign,confidence,verification_status,base_score,verification_factor,origin_factor,p_interaction,weight,source,evidence_note,verification_citation,verification_note
base (Michelini 2021),Negative Valence Systems,"Acute Threat (""Fear"")",,Internalizing,Fear,+1,high,consistent_indirect,0.85,1.00,1.00,0.850,+0.850,"Fig1 red arrow Acute Threat->Fear + p.4-5 'Acute Threat...robust associations with...HiTOP Fear, a subfactor of Internalizing'",,de Looff et al. 2021; PMID 34774587; doi:10.1016/j.neubiorev.2021.11.003,Heightened autonomic/threat reactivity tracks fear-anxiety symptomatology; direction consistent with elevated acute-threat response in fear disorders.
base (Michelini 2021),Negative Valence Systems,"Potential Threat (""Anxiety"")",,Internalizing,Fear,+1,high,consistent_indirect,0.85,1.00,1.00,0.850,+0.850,Fig1 red arrow Potential Threat->Fear + p.5 'association between RDoC Potential Threat and HiTOP Fear',,Saunders & Inzlicht 2020; PMID 32479773; doi:10.1016/j.ijpsycho.2020.05.008,Heightened anticipatory threat reactivity (e.g. ERN/worry) associated with anxiety/fear psychopathology; same positive direction.
base (Michelini 2021),Negative Valence Systems,"Potential Threat (""Anxiety"")",,Internalizing,Distress,+1,medium,consistent_indirect,0.60,1.00,1.00,0.600,+0.600,p.5 'differential association of RDoC Potential Threat with the HiTOP Fear and Distress subfactors...positive relationship with HiTOP Distress' (text only; not endpoint-distinct in Fig1),,Saunders & Inzlicht 2020; PMID 32479773; doi:10.1016/j.ijpsycho.2020.05.008,Anticipatory threat sensitivity (worry) linked to distress dimension; positive direction supported indirectly.
base (Michelini 2021),Negative Valence Systems,Sustained Threat,,Internalizing,Distress,+1,high,consistent_indirect,0.85,1.00,1.00,0.850,+0.850,Fig1 red arrow Sustained Threat->Distress + p.5 'Sustained Threat appears robustly linked with HiTOP Distress',,Hertenstein et al. 2019; PMID 30537570; doi:10.1016/j.smrv.2018.10.006,Chronic stress/sustained threat exposure prospectively elevates depression-anxiety (distress); positive direction consistent.
base (Michelini 2021),Negative Valence Systems,Loss,,Internalizing,Distress,+1,high,consistent_indirect,0.85,1.00,1.00,0.850,+0.850,Fig1 red arrow Loss->Distress + p.5 'Loss also appears robustly linked with HiTOP Distress',,Bore et al. 2023; PMID 37997708; doi:10.1017/S0033291723003410,Loss/negative-valence reactivity central to depression (distress); reward-loss neuroimaging in depression supports the link.
base (Michelini 2021),Negative Valence Systems,Frustrative Nonreward,,Internalizing,Distress,+1,medium,not_found,0.60,0.85,1.00,0.510,+0.510,p.5 'emerging links of RDoC Frustrative Non-Reward...with the HiTOP Distress subfactor of the Internalizing spectrum' (Fig1 shows no arrow - emerging),,,No independent meta-analytic source located linking frustrative nonreward specifically to the Distress subfactor.
base (Michelini 2021),Negative Valence Systems,Frustrative Nonreward,,Disinhibited Externalizing,Antisocial Behavior,+1,medium,consistent_indirect,0.60,1.00,1.00,0.600,+0.600,p.5 'and the HiTOP Antisocial Behavior subfactor of the Disinhibited and Antagonistic Externalizing spectra' (aggression; Fig1 shows no arrow - emerging),,de Looff et al. 2021; PMID 34774587; doi:10.1016/j.neubiorev.2021.11.003,Frustration/reactive aggression maps onto antisocial-aggressive behavior; direction consistent with reactive-aggression literature.
base (Michelini 2021),Negative Valence Systems,Frustrative Nonreward,,Antagonistic Externalizing,Antisocial Behavior,+1,medium,consistent_indirect,0.60,1.00,1.00,0.600,+0.600,p.5 '...Antisocial Behavior subfactor of the Disinhibited and Antagonistic Externalizing spectra' (aggression; Fig1 shows no arrow - emerging),,de Looff et al. 2021; PMID 34774587; doi:10.1016/j.neubiorev.2021.11.003,Frustration-driven aggression linked to antagonistic/antisocial behavior; same positive direction.
base (Michelini 2021),Positive Valence Systems,Reward Responsiveness,Reward Anticipation,Disinhibited Externalizing,Substance Abuse,-1,high,corroborated,0.85,1.10,1.00,0.935,-0.935,Fig2 blue arrow Reward Anticipation->Substance Abuse + p.5 'Reward Anticipation...associated with...Disinhibited Externalizing...Substance Abuse...atypical/reduced anticipatory signaling in addiction',,Luijten et al. 2017; PMID 28146248; doi:10.1001/jamapsychiatry.2016.3084,fMRI meta-analysis: addiction shows decreased striatal activation during reward anticipation; matches reduced-function (-1) direction.
base (Michelini 2021),Positive Valence Systems,Reward Responsiveness,Reward Anticipation,Internalizing,Distress,-1,high,corroborated,0.85,1.10,1.00,0.935,-0.935,Fig2 blue arrow Reward Anticipation->Distress + p.5-6 'decreased...MID-related anticipatory reward processing...with depressed mood...emerging link to HiTOP Distress subfactor',,Bore et al. 2023; PMID 37997708; doi:10.1017/S0033291723003410,Neuroimaging meta-analysis: depression shows decreased thalamic/striatal activation during monetary reward anticipation; matches -1.
base (Michelini 2021),Positive Valence Systems,Reward Responsiveness,Reward Anticipation,Thought Disorder,,-1,medium,consistent_indirect,0.60,1.00,1.00,0.600,-0.600,"Fig2 blue arrow Reward Anticipation->Thought Disorder + p.5 'linked to the HiTOP Thought Disorder spectrum, as reduced anticipatory signaling...associated with negative symptoms of schizophrenia'",,Luther et al. 2018; PMID 30577993; doi:10.1016/j.schres.2018.10.010,Reduced reward/motivation processing associated with negative symptoms of schizophrenia (Thought Disorder); same -1 direction.
base (Michelini 2021),Positive Valence Systems,Reward Responsiveness,Initial Response to Reward,Internalizing,Distress,-1,high,corroborated,0.85,1.10,1.00,0.935,-0.935,"Fig2 blue arrow Initial Response to Reward->Distress + p.6 'robust link to the HiTOP Distress subfactor, based on...depressed mood with blunted ERPs'",,Bore et al. 2023; PMID 37997708; doi:10.1017/S0033291723003410,Depression shows decreased sgACC/striatal reactivity during reward receipt (hedonic response); matches blunted initial response (-1).
base (Michelini 2021),Positive Valence Systems,Reward Responsiveness,Initial Response to Reward,Disinhibited Externalizing,Substance Abuse,-1,high,consistent_indirect,0.85,1.00,1.00,0.850,-0.850,"Fig2 blue arrow Initial Response to Reward->Substance Abuse + p.6 'link...HiTOP Substance Abuse subfactor...reduced activations in OFC, amygdala, striatum...related to addiction'",,Luijten et al. 2017; PMID 28146248; doi:10.1001/jamapsychiatry.2016.3084,"Addiction reward-processing disruption (reward-deficiency); anticipation hypoactivation supports reduced-function direction, though outcome-phase striatum can be hyperactive."
base (Michelini 2021),Positive Valence Systems,Reward Learning,Probabilistic and Reinforcement Learning,Internalizing,Distress,-1,high,corroborated,0.85,1.10,1.00,0.935,-0.935,Fig2 blue arrow Reinforcement Learning->Distress + p.6 'association with the HiTOP Distress subfactor...blunted reward learning...in distress disorders',,Bore et al. 2023; PMID 37997708; doi:10.1017/S0033291723003410,Depression shows blunted reward-related striatal reactivity underpinning impaired reward learning; matches -1 direction.
base (Michelini 2021),Positive Valence Systems,Reward Learning,Probabilistic and Reinforcement Learning,Disinhibited Externalizing,Substance Abuse,-1,high,consistent_indirect,0.85,1.00,1.00,0.850,-0.850,Fig2 blue arrow Reinforcement Learning->Substance Abuse + p.6 'link to the HiTOP Substance Abuse subfactor...disrupted reward learning...with addiction',,Luijten et al. 2017; PMID 28146248; doi:10.1001/jamapsychiatry.2016.3084,Addiction associated with disrupted striatal reward learning signals; consistent with impaired-function direction.
base (Michelini 2021),Positive Valence Systems,Reward Learning,Probabilistic and Reinforcement Learning,Thought Disorder,,-1,medium,consistent_indirect,0.60,1.00,1.00,0.600,-0.600,"Fig2 blue arrow Reinforcement Learning->Thought Disorder + p.6 'association, although potentially weaker, with the HiTOP Thought Disorder spectrum...abnormal neural responses...with psychotic symptoms'",,Luther et al. 2018; PMID 30577993; doi:10.1016/j.schres.2018.10.010,Impaired reward/effort learning relates to schizophrenia negative symptoms; same -1 direction (weaker).
base (Michelini 2021),Positive Valence Systems,Reward Learning,Reward Prediction Error,Disinhibited Externalizing,Substance Abuse,+1,high,consistent_indirect,0.85,1.00,1.00,0.850,+0.850,Fig2 red arrow Reward Prediction Error->Substance Abuse + p.6 'robustly linked to the HiTOP Substance Abuse subfactor...increased activity of dopaminergic neurons...increased craving',,Luijten et al. 2017; PMID 28146248; doi:10.1001/jamapsychiatry.2016.3084,Substance addiction shows increased ventral striatal activation during reward outcome; consistent with elevated outcome/PE signaling (+1).
base (Michelini 2021),Positive Valence Systems,Reward Learning,Reward Prediction Error,Disinhibited Externalizing,Antisocial Behavior,+1,medium,not_found,0.60,0.85,1.00,0.510,+0.510,Fig2 red arrow Reward Prediction Error->Antisocial Behavior + p.6 'link...with the HiTOP Antisocial Behavior subfactor...aberrant dopaminergic functioning',,,No independent meta-analysis located on reward prediction error specifically with antisocial behavior.
base (Michelini 2021),Positive Valence Systems,Reward Learning,Reward Prediction Error,Thought Disorder,,-1,medium,consistent_indirect,0.60,1.00,1.00,0.600,-0.600,"p.6 'reduced activity in the dopaminergic frontal, striatal, and limbic system underlying prediction error...associated with psychotic symptoms...emerging link to HiTOP Thought Disorder' (Fig2 shows red arrows to Externalizing only)",,Luther et al. 2018; PMID 30577993; doi:10.1016/j.schres.2018.10.010,Aberrant/reduced reward-PE signaling tied to psychotic (esp. negative) symptoms; consistent with -1 for Thought Disorder.
base (Michelini 2021),Positive Valence Systems,Reward Learning,Habit - PVS,Disinhibited Externalizing,Substance Abuse,+1,high,consistent_indirect,0.85,1.00,1.00,0.850,+0.850,"Fig2 red arrow Habit->Substance Abuse + p.6 'linked to the HiTOP Substance Abuse subfactor, as...substance-related habits...robustly associated with increased activity in dorsal striatum'",,Luijten et al. 2017; PMID 28146248; doi:10.1001/jamapsychiatry.2016.3084,Addiction involves dorsal-striatal habit/outcome hyperactivity; consistent with increased habit signaling (+1).
base (Michelini 2021),Positive Valence Systems,Reward Valuation,Reward (probability),Antagonistic Externalizing,Antisocial Behavior,-1,high,consistent_indirect,0.85,1.00,1.00,0.850,-0.850,"Fig2 blue arrow Reward Probability->Antisocial Behavior + p.6 'robust link with the HiTOP Antisocial Behavior subfactor, as externalizing behavior...associated with impaired probability discounting'",,Exum et al. 2023; PMID 37072099; doi:10.1016/j.josat.2023.209037,Externalizing/impulsive choice (impaired probabilistic valuation) linked to antisocial-spectrum behavior; same -1 direction.
base (Michelini 2021),Positive Valence Systems,Reward Valuation,Reward (probability),Disinhibited Externalizing,Substance Abuse,-1,medium,consistent_indirect,0.60,1.00,1.00,0.600,-0.600,"Fig2 blue arrow Reward Probability->Substance Abuse + p.6 'additional link...to the HiTOP Substance Abuse subfactor via a short-term probability discounting process, though findings are mixed'",,Exum et al. 2023; PMID 37072099; doi:10.1016/j.josat.2023.209037,"Discounting/valuation impairments associated with substance use; findings mixed, consistent with original 'mixed' caveat."
base (Michelini 2021),Positive Valence Systems,Reward Valuation,Delay,Disinhibited Externalizing,Substance Abuse,-1,high,corroborated,0.85,1.10,1.00,0.935,-0.935,Fig2 blue arrow Delay->Substance Abuse + p.6 'robust links to the HiTOP Disinhibited Externalizing spectrum and its Substance Abuse...subfactor...greater delay discounting with impulsivity...substance use',,Exum et al. 2023; PMID 37072099; doi:10.1016/j.josat.2023.209037,Systematic review: delay discounting robustly associated with substance use; greater discounting = impaired valuation (-1).
base (Michelini 2021),Positive Valence Systems,Reward Valuation,Delay,Disinhibited Externalizing,Antisocial Behavior,-1,high,consistent_indirect,0.85,1.00,1.00,0.850,-0.850,"Fig2 blue arrow Delay->Antisocial Behavior + p.6 '...and Antisocial Behavior subfactors, respectively supported by associations of greater delay discounting with...antisocial behavior'",,Exum et al. 2023; PMID 37072099; doi:10.1016/j.josat.2023.209037,Greater delay discounting/impulsive choice associated with externalizing-antisocial behavior; same -1 direction.
base (Michelini 2021),Positive Valence Systems,Reward Valuation,Effort,Disinhibited Externalizing,Substance Abuse,+1,high,not_found,0.85,0.85,1.00,0.722,+0.722,"Fig2 red arrow Effort->Substance Abuse + p.6 'link with HiTOP Substance Abuse, as indicated by associations of addiction with heightened self-reported drive and rash effort-based decision making'",,,No independent meta-analysis located linking heightened effort/drive specifically to substance abuse in the +1 direction.
base (Michelini 2021),Positive Valence Systems,Reward Valuation,Effort,Internalizing,Distress,-1,high,consistent_indirect,0.85,1.00,1.00,0.850,-0.850,"Fig2 blue arrow Effort->Distress + p.6 'link to the HiTOP Distress subfactor via deficient willingness to exert effort and decreased drive...with depressive symptoms, particularly anhedonia'",,Luther et al. 2018; PMID 30577993; doi:10.1016/j.schres.2018.10.010,Effort-based decision deficits strongly tied to amotivation/anhedonia (effort discounting r=-.44); supports reduced-effort (-1) with distress/anhedonia.
base (Michelini 2021),Positive Valence Systems,Reward Valuation,Effort,Thought Disorder,,-1,medium,corroborated,0.60,1.10,1.00,0.660,-0.660,p.6 'additional link...with HiTOP Thought Disorder via associations of negative symptoms of schizophrenia with impaired effort-based decision making' (Fig2 shows blue arrows to Distress/Substance Abuse; Thought Disorder via text),,Luther et al. 2018; PMID 30577993; doi:10.1016/j.schres.2018.10.010,Meta-analysis: effort-discounting tasks most strongly related to schizophrenia negative symptoms (r=-.44); matches impaired-effort (-1).
base (Michelini 2021),Cognitive Systems,Attention,,Disinhibited Externalizing,,-1,high,consistent_indirect,0.85,1.00,1.00,0.850,-0.850,"Fig3 blue arrow Attention->Disinhibited Externalizing + p.6-7 'robust association between markers of RDoC Attention and the HiTOP Disinhibited Externalizing spectrum...TPN-DMN imbalance...inattentive, hyperactive-impulsive symptoms'",,Pasion & Barbosa 2019; PMID 31220503; doi:10.1016/j.neubiorev.2019.06.013,Reduced ERN/attentional-control markers tied to externalizing (ADHD/impulsivity); supports impaired-attention (-1) with disinhibition.
base (Michelini 2021),Cognitive Systems,Attention,,Disinhibited Externalizing,Substance Abuse,-1,high,consistent_indirect,0.85,1.00,1.00,0.850,-0.850,Fig3 blue arrow Attention->Substance Abuse + p.7 'link to the Substance Abuse subfactor...attentional impairments and substance use',,Exum et al. 2023; PMID 37072099; doi:10.1016/j.josat.2023.209037,Attentional/impulse-control impairments associated with substance use; consistent with -1 direction.
base (Michelini 2021),Cognitive Systems,Attention,,Thought Disorder,,-1,high,corroborated,0.85,1.10,1.00,0.935,-0.935,Fig3 blue arrow Attention->Thought Disorder + p.7 'robust association...between RDoC Attention and the HiTOP Thought Disorder...attentional dysfunction...with symptoms of schizophrenia and positive schizotypy',,Bora & Pantelis 2015; PMID 25616505; doi:10.1093/schbul/sbu198,First-episode schizophrenia shows broad neurocognitive deficits including attention; matches impaired-attention (-1) in Thought Disorder.
base (Michelini 2021),Cognitive Systems,Attention,,Detachment,,-1,medium,not_found,0.60,0.85,1.00,0.510,-0.510,"p.7 'RDoC Attention may also be linked with HiTOP Detachment, based on associations of poor performance in sustained attention tasks with negative schizotypy'",,,No independent meta-analysis located specifically on sustained attention with negative schizotypy/Detachment.
base (Michelini 2021),Cognitive Systems,Attention,,Internalizing,Distress,-1,medium,consistent_indirect,0.60,1.00,1.00,0.600,-0.600,"p.7 'emerging association...with the HiTOP Distress subfactor...increased reaction time variability, distractibility with depression and suicidality'",,Le et al. 2024; PMID 39168166; doi:10.1016/j.jad.2024.08.057,"Attention/executive deficits associated with depression and suicidality transdiagnostically; consistent with -1, though mixed across domains."
base (Michelini 2021),Cognitive Systems,Perception,Visual Perception,Thought Disorder,,-1,high,consistent_indirect,0.85,1.00,1.00,0.850,-0.850,"Fig3 blue arrow Visual Perception->Thought Disorder + p.7 'RDoC Perception shows a clear association with HiTOP Thought Disorder...attenuated visual ERPs...with symptoms of schizophrenia, positive schizotypy'",,Bora & Pantelis 2015; PMID 25616505; doi:10.1093/schbul/sbu198,Early sensory/perceptual processing deficits are well established in schizophrenia; consistent with attenuated visual perception (-1).
base (Michelini 2021),Cognitive Systems,Perception,Auditory Perception,Thought Disorder,,-1,high,corroborated,0.85,1.10,1.00,0.935,-0.935,"Fig3 blue arrow Auditory Perception->Thought Disorder + p.7 'attenuated auditory...ERPs (e.g., reduced mismatch negativity, P50, N1, P2, P3) with symptoms of schizophrenia'",,Haigh et al. 2016; PMID 27170669; doi:10.1177/1550059416645980,"Meta-analysis: reduced mismatch negativity in schizophrenia (large in chronic, duration-MMN d=0.47 first-episode); matches attenuated auditory perception (-1)."
base (Michelini 2021),Cognitive Systems,Perception,Olfactory/Somatosensory/Multimodal Perception,Thought Disorder,,-1,medium,not_found,0.60,0.85,1.00,0.510,-0.510,p.7 'limited evidence...link RDoC Olfactory/Somatosensory/Multimodal Perception...emerging link with HiTOP Thought Disorder...olfactory perceptual deficits and psychotic symptoms' (Fig3 shows no arrow from Olfactory),,,No independent meta-analysis located on olfactory/multimodal perceptual deficits with Thought Disorder; original notes limited evidence.
base (Michelini 2021),Cognitive Systems,Declarative Memory,,Thought Disorder,,-1,high,corroborated,0.85,1.10,1.00,0.935,-0.935,Fig3 blue arrow Declarative Memory->Thought Disorder + p.7 'robust associations with HiTOP Thought Disorder...behavioral deficits and atypical hippocampal function...with psychotic disorders',,Bora & Pantelis 2015; PMID 25616505; doi:10.1093/schbul/sbu198,First-episode schizophrenia shows significant verbal learning/memory deficits (large effect sizes); matches impaired declarative memory (-1).
base (Michelini 2021),Cognitive Systems,Declarative Memory,,Internalizing,Distress,-1,medium,consistent_indirect,0.60,1.00,1.00,0.600,-0.600,p.7 'potential link with the HiTOP Distress subfactor...behavioral markers of episodic memory and depressive symptoms',,Le et al. 2024; PMID 39168166; doi:10.1016/j.jad.2024.08.057,Learning/memory associated with depression transdiagnostically though mixed; consistent with -1 at modest strength.
base (Michelini 2021),Cognitive Systems,Language,,Thought Disorder,,-1,high,corroborated,0.85,1.10,1.00,0.935,-0.935,"Fig3 blue arrow Language->Thought Disorder + p.7 'robust link with HiTOP Thought Disorder...alterations in brain circuits underlying verbal fluency, language...with psychotic symptoms'",,Bora & Pantelis 2015; PMID 25616505; doi:10.1093/schbul/sbu198,First-episode schizophrenia shows impaired verbal fluency/language-related cognition; matches -1 direction for Thought Disorder.
base (Michelini 2021),Cognitive Systems,Cognitive Control,"Goal Selection; Updating, Representation, and Maintenance",Disinhibited Externalizing,,-1,high,corroborated,0.85,1.10,1.00,0.935,-0.935,Fig3 blue arrow Goal Selection->Disinhibited Externalizing + p.7 'robust associations with the HiTOP Disinhibited Externalizing spectrum...self-reported executive functions with greater disinhibitory traits...inattentive and hyperactive-impulsive symptoms',,Pasion & Barbosa 2019; PMID 31220503; doi:10.1016/j.neubiorev.2019.06.013,Reduced cognitive-control/ERN markers robustly associated with externalizing dimensions; matches impaired control (-1).
base (Michelini 2021),Cognitive Systems,Cognitive Control,"Goal Selection; Updating, Representation, and Maintenance",Disinhibited Externalizing,Substance Abuse,-1,high,consistent_indirect,0.85,1.00,1.00,0.850,-0.850,Fig3 blue arrow Goal Selection->Substance Abuse + p.7 'Substance Abuse subfactor...difficulties maintaining goal-directed behavior...and addiction',,Exum et al. 2023; PMID 37072099; doi:10.1016/j.josat.2023.209037,Goal-directed/control deficits associated with substance use and impulsive choice; consistent with -1 direction.
base (Michelini 2021),Cognitive Systems,Cognitive Control,"Goal Selection; Updating, Representation, and Maintenance",Thought Disorder,,-1,high,corroborated,0.85,1.10,1.00,0.935,-0.935,Fig3 blue arrow Goal Selection->Thought Disorder + p.7 'robust associations with HiTOP Thought Disorder...altered fronto-thalamo-parietal circuitry across psychotic disorders...impaired goal selection and updating',,Bora & Pantelis 2015; PMID 25616505; doi:10.1093/schbul/sbu198,Executive-function/working-memory updating deficits well established in first-episode schizophrenia; matches -1.
base (Michelini 2021),Cognitive Systems,Cognitive Control,"Goal Selection; Updating, Representation, and Maintenance",Detachment,,-1,medium,not_found,0.60,0.85,1.00,0.510,-0.510,"p.7 'meta-analysis showing an association, albeit of small size, between updating and negative schizotypy supports a further link with HiTOP Detachment'",,,No independent meta-analysis located on updating with negative schizotypy/Detachment; original cites small effect.
base (Michelini 2021),Cognitive Systems,Cognitive Control,Response Selection; Inhibition/Suppression,Thought Disorder,,-1,high,corroborated,0.85,1.10,1.00,0.935,-0.935,Fig3 blue arrow Response Selection->Thought Disorder + p.7 'robust link with HiTOP Thought Disorder...reduced dorsolateral prefrontal activity...with psychotic disorders and psychotic symptoms',,Bora & Pantelis 2015; PMID 25616505; doi:10.1093/schbul/sbu198,Executive/inhibitory control deficits with reduced prefrontal function established in schizophrenia; matches -1.
base (Michelini 2021),Cognitive Systems,Cognitive Control,Response Selection; Inhibition/Suppression,Disinhibited Externalizing,,-1,high,corroborated,0.85,1.10,1.00,0.935,-0.935,"Fig3 blue arrow Response Selection->Disinhibited Externalizing + p.7 'robust link...to the HiTOP Disinhibited Externalizing spectrum...behavioral markers of response inhibition...related to disinhibitory traits, inattention, hyperactivity-impulsivity'",,Pasion & Barbosa 2019; PMID 31220503; doi:10.1016/j.neubiorev.2019.06.013,"Reduced inhibitory-control markers (ERN, inhibition tasks) robustly associated with externalizing; matches impaired inhibition (-1)."
base (Michelini 2021),Cognitive Systems,Cognitive Control,Response Selection; Inhibition/Suppression,Disinhibited Externalizing,Substance Abuse,-1,high,consistent_indirect,0.85,1.00,1.00,0.850,-0.850,Fig3 blue arrow Response Selection->Substance Abuse + p.7 'association between RDoC Response Selection and Inhibition/Suppression and the Substance Abuse...subfactor',,Exum et al. 2023; PMID 37072099; doi:10.1016/j.josat.2023.209037,Response-inhibition/impulse-control deficits associated with substance use; consistent -1 direction.
base (Michelini 2021),Cognitive Systems,Cognitive Control,Response Selection; Inhibition/Suppression,Disinhibited Externalizing,Antisocial Behavior,-1,high,consistent_indirect,0.85,1.00,1.00,0.850,-0.850,Fig3 blue arrow Response Selection->Antisocial Behavior + p.7 '...and the Antisocial Behavior subfactor of the HiTOP Disinhibited Externalizing spectrum',,Pasion & Barbosa 2019; PMID 31220503; doi:10.1016/j.neubiorev.2019.06.013,Impaired inhibitory control linked to antisocial dimension of externalizing; same -1 direction.
base (Michelini 2021),Cognitive Systems,Cognitive Control,Response Selection; Inhibition/Suppression,Internalizing,Distress,-1,medium,consistent_indirect,0.60,1.00,1.00,0.600,-0.600,"p.7 'additional links, potentially of smaller magnitude, with the HiTOP Distress subfactor...impaired behavioral markers of response inhibition with distress symptoms'",,Le et al. 2024; PMID 39168166; doi:10.1016/j.jad.2024.08.057,Inhibition/executive deficits associated with depression-suicidality; consistent with -1 at smaller magnitude.
base (Michelini 2021),Cognitive Systems,Cognitive Control,Response Selection; Inhibition/Suppression,Detachment,,-1,medium,not_found,0.60,0.85,1.00,0.510,-0.510,p.7 '...and HiTOP Detachment...associations between impaired markers of response inhibition with negative schizotypy',,,No independent meta-analysis located on response inhibition specifically with negative schizotypy/Detachment.
base (Michelini 2021),Cognitive Systems,Cognitive Control,Performance Monitoring,Internalizing,Fear,+1,high,corroborated,0.85,1.10,1.00,0.935,+0.935,"Fig3 red arrow Performance Monitoring<->Fear + p.7 'robust link to HiTOP Fear, based on...higher error-related negativity (ERN)...with OCD traits...and social anxiety/shyness'",,Saunders & Inzlicht 2020; PMID 32479773; doi:10.1016/j.ijpsycho.2020.05.008,Meta-analysis: anxiety associated with LARGER ERN (r=-0.12 to -0.19; larger for clinical anxiety/worry/OCD); confirms +1 (heightened monitoring with fear).
base (Michelini 2021),Cognitive Systems,Cognitive Control,Performance Monitoring,Disinhibited Externalizing,,-1,high,corroborated,0.85,1.10,1.00,0.935,-0.935,"Fig3 blue arrow Performance Monitoring->Disinhibited Externalizing + p.7 'well-supported link with the HiTOP Disinhibited Externalizing spectrum, via associations of reduced post-error slowing, ERN amplitude...with measures of disinhibition, impulsivity, inattention, hyperactivity'",,Pasion & Barbosa 2019; PMID 31220503; doi:10.1016/j.neubiorev.2019.06.013,Meta-analysis: REDUCED ERN amplitude in externalizing (dissociable from internalizing); confirms -1 (reduced monitoring with disinhibition).
base (Michelini 2021),Cognitive Systems,Cognitive Control,Performance Monitoring,Thought Disorder,,-1,low,not_found,0.35,0.85,1.00,0.297,-0.297,"p.7-8 'mixed findings...blunted ERN linked to positive symptoms (Morris et al., 2008) and negative symptoms...mixed findings warrant further research and support a potential link with HiTOP Thought Disorder'",,,Independent evidence mixed/inconclusive; no clean meta-analytic confirmation of direction for Thought Disorder located.
base (Michelini 2021),Cognitive Systems,Working Memory,,Disinhibited Externalizing,,-1,high,corroborated,0.85,1.10,1.00,0.935,-0.935,Fig3 blue arrow Working memory->Disinhibited Externalizing + p.8 'robust association with the HiTOP Disinhibited Externalizing spectrum...reduced theta power and behavioral performance...with trait impulsivity and inattentive and hyperactive-impulsive symptoms',,Wilson 2024; PMID 37779387; doi:10.1093/arclin/acad073,Meta-analysis: ADHD associated with reduced working memory (slightly below mean on WAIS/WISC); matches impaired WM (-1) with disinhibition.
base (Michelini 2021),Cognitive Systems,Working Memory,,Disinhibited Externalizing,Substance Abuse,-1,high,consistent_indirect,0.85,1.00,1.00,0.850,-0.850,Fig3 blue arrow Working memory->Substance Abuse + p.8 'substance use escalation and externalizing problems...with the Substance Abuse...subfactor',,Exum et al. 2023; PMID 37072099; doi:10.1016/j.josat.2023.209037,WM/cognitive-control deficits associated with substance use; consistent -1 direction.
base (Michelini 2021),Cognitive Systems,Working Memory,,Disinhibited Externalizing,Antisocial Behavior,-1,high,consistent_indirect,0.85,1.00,1.00,0.850,-0.850,Fig3 blue arrow Working memory->Antisocial Behavior + p.8 '...and Antisocial Behavior subfactors of this HiTOP spectrum',,Wilson 2024; PMID 37779387; doi:10.1093/arclin/acad073,Reduced WM in externalizing (ADHD) extends to antisocial subfactor; same -1 direction.
base (Michelini 2021),Cognitive Systems,Working Memory,,Thought Disorder,,-1,high,corroborated,0.85,1.10,1.00,0.935,-0.935,Fig3 blue arrow Working memory->Thought Disorder + p.8 'association...with HiTOP Thought Disorder...atypical neural activity...with psychotic symptoms...impaired behavioral markers during working memory',,Bora & Pantelis 2015; PMID 25616505; doi:10.1093/schbul/sbu198,Working-memory deficits robustly documented in first-episode schizophrenia; matches -1 for Thought Disorder.
base (Michelini 2021),Cognitive Systems,Working Memory,,Detachment,,-1,medium,not_found,0.60,0.85,1.00,0.510,-0.510,p.8 'working memory impairments are associated with high negative schizotypy also supports a possible link to the HiTOP Detachment spectrum',,,No independent meta-analysis located on working memory specifically with negative schizotypy/Detachment.
base (Michelini 2021),Social Processes,Affiliation and Attachment,,Internalizing,Distress,-1,high,corroborated,0.85,1.10,1.00,0.935,-0.935,"Fig4 blue arrow Affiliation & Attachment->Distress + p.8 'robust link...to HiTOP Distress, as greater insecurity and impairment...related to greater distress-based symptom severity'",,Madigan et al. 2015; PMID 26619212; doi:10.1037/bul0000029,"Meta-analysis: insecure attachment associated with internalizing problems (d=.58), largest for depressive symptoms; matches -1 (impaired affiliation->distress)."
base (Michelini 2021),Social Processes,Affiliation and Attachment,,Thought Disorder,,-1,high,consistent_indirect,0.85,1.00,1.00,0.850,-0.850,"Fig4 blue arrow Affiliation & Attachment->Thought Disorder + p.8 'self-reported attachment insecurity indicates a link to HiTOP Thought Disorder, as greater positive, negative, and affective symptoms'",,Madigan et al. 2015; PMID 26619212; doi:10.1037/bul0000029,"Insecure/disorganized attachment associated with broad psychopathology; consistent with -1, though psychosis-specific link is indirect."
base (Michelini 2021),Social Processes,Affiliation and Attachment,,Detachment,,-1,high,consistent_indirect,0.85,1.00,1.00,0.850,-0.850,"Fig4 blue arrow Affiliation & Attachment->Detachment + p.8 'and to HiTOP Detachment, as evidenced by insecure attachment associated with personality pathology and social impairment'",,Madigan et al. 2015; PMID 26619212; doi:10.1037/bul0000029,Avoidant/insecure attachment maps onto interpersonal detachment and social impairment; same -1 direction.
base (Michelini 2021),Social Processes,Affiliation and Attachment,,Antagonistic Externalizing,Antisocial Behavior,-1,high,corroborated,0.85,1.10,1.00,0.935,-0.935,Fig4 blue arrow Affiliation & Attachment->Antisocial Behavior + p.8 'robust links to the HiTOP Antagonistic Externalizing spectrum and the Antisocial Behavior subfactor...greater attachment insecurity and poor peer affiliation with antagonistic dispositional traits',,Madigan et al. 2015; PMID 26619212; doi:10.1037/bul0000029,Meta-analysis: insecure (esp. disorganized) attachment associated with externalizing problems (d=.49); matches -1 (impaired affiliation->antisocial).
base (Michelini 2021),Social Processes,Social Communication,Reception of Facial Communication,Thought Disorder,,-1,high,corroborated,0.85,1.10,1.00,0.935,-0.935,"Fig4 blue arrow Reception of Facial Communication->Thought Disorder + p.8 'robust association with the HiTOP Thought Disorder...under-recruitment of the amygdala, fusiform gyrus...impaired identification of facial emotional states'",,Martin et al. 2020; PMID 31932173; doi:10.1016/j.schres.2019.12.031,Meta-analysis: facial emotion recognition deficit in schizophrenia risk/relatives (SMD=0.38); matches impaired reception (-1).
base (Michelini 2021),Social Processes,Social Communication,Reception of Facial Communication,Detachment,,-1,high,consistent_indirect,0.85,1.00,1.00,0.850,-0.850,Fig4 blue arrow Reception of Facial Communication->Detachment + p.8 'robust link to HiTOP Detachment...impaired facial emotion recognition associated with interpersonal detachment and negative schizotypy',,Martin et al. 2020; PMID 31932173; doi:10.1016/j.schres.2019.12.031,Facial emotion recognition deficits in schizophrenia spectrum extend to detachment/negative schizotypy; same -1 direction.
base (Michelini 2021),Social Processes,Social Communication,Reception of Facial Communication,Disinhibited Externalizing,Antisocial Behavior,-1,high,consistent_indirect,0.85,1.00,1.00,0.850,-0.850,"Fig4 blue arrow Reception of Facial Communication->Antisocial Behavior + p.8 'link to the HiTOP Antisocial Behavior subfactor, as antisocial, disruptive, and callous-unemotional traits are associated with reduced ability to recognize facial emotions'",,de Looff et al. 2021; PMID 34774587; doi:10.1016/j.neubiorev.2021.11.003,Antisocial/callous-unemotional traits associated with impaired emotion processing; consistent -1 (impaired facial reception->antisocial).
base (Michelini 2021),Social Processes,Social Communication,Reception of Facial Communication,Internalizing,Distress,-1,medium,consistent_indirect,0.60,1.00,1.00,0.600,-0.600,"p.8 'further link...with HiTOP Distress via dysfunctional neural activation, impaired facial recognition, and attentional biases in individuals with depressive and anxious psychopathology'",,Martin et al. 2020; PMID 31932173; doi:10.1016/j.schres.2019.12.031,Facial emotion processing biases/deficits documented in affective psychopathology; consistent with -1 at modest strength.
base (Michelini 2021),Social Processes,Social Communication,Production of Facial Communication,Thought Disorder,,-1,high,consistent_indirect,0.85,1.00,1.00,0.850,-0.850,"Fig4 blue arrow Production of Facial Communication->Thought Disorder + p.8 'potential link to HiTOP Thought Disorder, as blunted spontaneous and imitative facial emotional expressiveness...with negative psychotic symptoms'",,Luther et al. 2018; PMID 30577993; doi:10.1016/j.schres.2018.10.010,Blunted facial expressivity is a core negative symptom (flat affect); negative-symptom literature supports -1 for Thought Disorder.
base (Michelini 2021),Social Processes,Social Communication,Production of Facial Communication,Disinhibited Externalizing,Antisocial Behavior,-1,medium,not_found,0.60,0.85,1.00,0.510,-0.510,"Fig4 blue arrow Production of Facial Communication->Antisocial Behavior + p.8 'association with the HiTOP Antisocial Behavior subfactor, as reduced reciprocal facial expressivity and mimicry...associated with disruptive behaviors and externalizing tendencies'",,,No independent meta-analysis located on facial production/mimicry specifically with antisocial behavior.
base (Michelini 2021),Social Processes,Social Communication,Reception of Non-Facial Communication,Thought Disorder,,-1,high,corroborated,0.85,1.10,1.00,0.935,-0.935,"Fig4 blue arrow Reception of Non-Facial Communication->Thought Disorder + p.8 'robust association with the HiTOP Thought Disorder...psychotic disorders associated with impaired comprehension of emotional prosody, humor, sarcasm, and irony'",,Ventura et al. 2013; PMID 24268469; doi:10.1016/j.schres.2013.10.015,Meta-analysis (102 studies): emotion processing via voice prosody strongly linked to deficits in schizophrenia (r=.58); matches impaired non-facial reception (-1).
base (Michelini 2021),Social Processes,Social Communication,Production of Non-Facial Communication,Thought Disorder,,-1,medium,consistent_indirect,0.60,1.00,1.00,0.600,-0.600,Fig4 blue arrow Production of Non-Facial Communication->Thought Disorder + p.8 'RDoC Production of Non-Facial Communication is linked to HiTOP Thought Disorder as negative symptoms of psychosis...with impaired production of affective speech prosody',,Luther et al. 2018; PMID 30577993; doi:10.1016/j.schres.2018.10.010,Impaired affective speech/prosody production is a recognized negative symptom (alogia/blunted affect); consistent -1 for Thought Disorder.
base (Michelini 2021),Social Processes,Perception and Understanding of Self,Agency,Thought Disorder,,-1,high,corroborated,0.85,1.10,1.00,0.935,-0.935,"Fig4 blue arrow Agency->Thought Disorder + p.8 'RDoC Agency subconstruct shows a robust link to HiTOP Thought Disorder, based on studies of self-recognition (i.e., hallucinations), source-monitoring, and self-awareness'",,Damiani et al. 2022; PMID 35124869; doi:10.1111/pcn.13338,"Meta-analysis: source-monitoring impaired in psychosis (SMD=0.458), externalizing-bias errors greater with hallucinations; matches impaired agency (-1)."
base (Michelini 2021),Social Processes,Perception and Understanding of Self,Self-Knowledge,Internalizing,Distress,-1,high,consistent_indirect,0.85,1.00,1.00,0.850,-0.850,Fig4 blue arrow Self-knowledge->Distress + p.8 'Self-Knowledge subconstruct is reliably linked to the Distress subfactor of the HiTOP Internalizing spectrum...distress disorders...with self-reported emotional awareness and alexithymia',,Le et al. 2024; PMID 39168166; doi:10.1016/j.jad.2024.08.057,Impaired emotional self-awareness/alexithymia consistently linked to depression-distress; direction consistent (-1).
base (Michelini 2021),Social Processes,Perception and Understanding of Self,Self-Knowledge,Thought Disorder,,-1,medium,consistent_indirect,0.60,1.00,1.00,0.600,-0.600,Fig4 blue arrow Self-knowledge->Thought Disorder + p.8 'relationship of alexithymia and impaired self-monitoring with psychotic symptoms indicate an additional link to HiTOP Thought Disorder',,Damiani et al. 2022; PMID 35124869; doi:10.1111/pcn.13338,Impaired self-monitoring associated with psychotic symptoms; consistent with -1 for Thought Disorder.
base (Michelini 2021),Social Processes,Perception and Understanding of Self,Self-Knowledge,Detachment,,-1,medium,not_found,0.60,0.85,1.00,0.510,-0.510,Fig4 blue arrow Self-knowledge->Detachment + p.8 'robust link is supported for HiTOP Detachment via self-reported alexithymia and poor self-insight',,,No independent meta-analysis located on alexithymia/self-insight specifically with Detachment spectrum.
base (Michelini 2021),Social Processes,Perception and Understanding of Self,Self-Knowledge,Internalizing,Fear,-1,low,not_found,0.35,0.85,1.00,0.297,-0.297,"p.8 'emerging evidence supports a link between RDoC Self-Knowledge and HiTOP Fear, as individuals with fear psychopathology demonstrate poor emotion knowledge'",,,No independent meta-analysis located on emotion knowledge specifically with the Fear subfactor.
base (Michelini 2021),Social Processes,Perception and Understanding of Others,Animacy Perception,Thought Disorder,,-1,medium,not_found,0.60,0.85,1.00,0.510,-0.510,"Fig4 blue arrow Animacy Perception->Thought Disorder + p.8-9 'markers of RDoC Animacy Perception suggest a link to HiTOP Thought Disorder, based on evidence suggesting impaired processing of biological motion'",,,No independent meta-analysis located on biological-motion/animacy perception with Thought Disorder.
base (Michelini 2021),Social Processes,Perception and Understanding of Others,Action Perception,Disinhibited Externalizing,Antisocial Behavior,-1,medium,not_found,0.60,0.85,1.00,0.510,-0.510,"Fig4 blue arrow Action Perception->Antisocial Behavior + p.9 'link between RDoC Action Perception and HiTOP Antisocial Behavior...impaired facial mimicry and preference within empathic paradigms, as well as poor directed gaze'",,,No independent meta-analysis located on action perception/mimicry specifically with antisocial behavior.
base (Michelini 2021),Social Processes,Perception and Understanding of Others,Action Perception,Thought Disorder,,-1,medium,consistent_indirect,0.60,1.00,1.00,0.600,-0.600,"Fig4 blue arrow Action Perception->Thought Disorder + p.9 'HiTOP Thought Disorder also shows an association with this subconstruct, as evidenced by dysfunctional mirror neuron activity...inability to identify what actions an agent is executing'",,Weng et al. 2022; PMID 35339482; doi:10.1016/j.neubiorev.2022.104625,Social-cognitive/action-understanding deficits documented in schizophrenia neuroimaging; consistent with -1 for Thought Disorder.
base (Michelini 2021),Social Processes,Perception and Understanding of Others,Understanding Mental States,Thought Disorder,,-1,high,corroborated,0.85,1.10,1.00,0.935,-0.935,"Fig4 blue arrow Understanding Mental States->Thought Disorder + p.9 'reliable link to HiTOP Thought Disorder, as psychotic symptom severity is associated with impaired self-reported affective empathy and cognitive empathy during theory of mind tasks'",,Weng et al. 2022; PMID 35339482; doi:10.1016/j.neubiorev.2022.104625,Meta-analysis: theory-of-mind neural hypoactivations in schizophrenia; matches impaired mental-state understanding (-1) for Thought Disorder.
base (Michelini 2021),Social Processes,Perception and Understanding of Others,Understanding Mental States,Disinhibited Externalizing,Antisocial Behavior,-1,high,consistent_indirect,0.85,1.00,1.00,0.850,-0.850,"Fig4 blue arrow Understanding Mental States->Antisocial Behavior + p.9 'robust link to HiTOP Antisocial Behavior...impaired empathic functioning with externalizing, antisocial, and callous-unemotional traits'",,de Looff et al. 2021; PMID 34774587; doi:10.1016/j.neubiorev.2021.11.003,Impaired empathy/affective processing associated with antisocial/psychopathic traits; consistent -1 direction (affective empathy more impaired than cognitive).
base (Michelini 2021),Social Processes,Perception and Understanding of Others,Understanding Mental States,Detachment,,-1,medium,consistent_indirect,0.60,1.00,1.00,0.600,-0.600,"Fig4 blue arrow Understanding Mental States->Detachment + p.9 'well-supported link with HiTOP Detachment, as affective and cognitive empathy partially mediates...negative schizotypy and social functioning...self-reported detachment'",,Weng et al. 2022; PMID 35339482; doi:10.1016/j.neubiorev.2022.104625,ToM/empathy deficits in schizophrenia spectrum link to negative-symptom/detachment dimension; consistent -1 direction.
base (Michelini 2021),Social Processes,Perception and Understanding of Others,Understanding Mental States,Internalizing,Distress,-1,low,not_found,0.35,0.85,1.00,0.297,-0.297,"p.9 'may be linked to HiTOP Distress via impaired affective and cognitive empathy associated with depressive symptoms, though associations...remain unclear'",,,Original notes associations unclear; no independent meta-analysis located confirming direction for Distress.
base (Michelini 2021),Arousal and Regulatory Systems,Arousal,,Internalizing,Distress,+1,high,not_found,0.85,0.85,1.00,0.722,+0.722,"Fig5 red arrow Arousal->Distress + p.9 'robust positive association with the HiTOP Distress subfactor, based on associations of increased pupil dilation...psychomotor agitation...high cortisol reactivity with distress symptomatology'",,,No clean independent meta-analysis located linking heightened physiological arousal/cortisol reactivity specifically to the unipolar Distress subfactor in the +1 direction.
base (Michelini 2021),Arousal and Regulatory Systems,Arousal,,Internalizing,Fear,+1,medium,consistent_indirect,0.60,1.00,1.00,0.600,+0.600,Fig5 red arrow Arousal->Fear + p.9 'also linked to HiTOP Fear via studies showing associations between skin conductance and social anxiety',,de Looff et al. 2021; PMID 34774587; doi:10.1016/j.neubiorev.2021.11.003,Heightened electrodermal/autonomic arousal associated with anxiety/fear; consistent +1 direction.
base (Michelini 2021),Arousal and Regulatory Systems,Arousal,,Disinhibited Externalizing,,-1,high,corroborated,0.85,1.10,1.00,0.935,-0.935,Fig5 blue arrow Arousal->Disinhibited Externalizing + p.9 'robust link to the HiTOP Disinhibited Externalizing spectrum...low skin conductance during a low-demand attentional task...with inattention and hyperactivity-impulsivity...hypo-arousal as a core underpinning',,de Looff et al. 2021; PMID 34774587; doi:10.1016/j.neubiorev.2021.11.003,Meta-analysis: reduced autonomic arousal (low HR/SCL) associated with antisocial-spectrum/externalizing behavior; matches hypo-arousal (-1).
base (Michelini 2021),Arousal and Regulatory Systems,Arousal,,Antagonistic Externalizing,,-1,high,corroborated,0.85,1.10,1.00,0.935,-0.935,Fig5 blue arrow Arousal->Antagonistic Externalizing + p.9 'reduced arousal in individuals with psychopathic traits...low skin conductance...indicate an association with the HiTOP Antagonistic Externalizing spectrum',,de Looff et al. 2021; PMID 34774587; doi:10.1016/j.neubiorev.2021.11.003,Meta-analysis: low resting arousal/skin conductance associated with psychopathy; matches hypo-arousal (-1). Note effects heterogeneous/bidirectional across tasks.
base (Michelini 2021),Arousal and Regulatory Systems,Arousal,,Disinhibited Externalizing,Antisocial Behavior,-1,high,corroborated,0.85,1.10,1.00,0.935,-0.935,Fig5 blue arrow Arousal->Antisocial Behavior + p.9 'Antisocial Behavior subfactor at the intersection of the HiTOP Disinhibited and Antagonistic spectra also shows robust associations...low skin conductance...low pupil dilation...with antisocial behavior and aggression',,de Looff et al. 2021; PMID 34774587; doi:10.1016/j.neubiorev.2021.11.003,Meta-analysis: low HR/skin conductance robustly associated with antisocial behavior and aggression; matches hypo-arousal (-1).
base (Michelini 2021),Arousal and Regulatory Systems,Sleep-Wakefulness,,Internalizing,Distress,-1,high,corroborated,0.85,1.10,1.00,0.935,-0.935,"Fig5 blue arrow Sleep-Wakefulness<->Distress + p.9 'robust link with the HiTOP Distress subfactor, based on associations of insomnia and low sleep quality with depression and anxiety'",,Hertenstein et al. 2019; PMID 30537570; doi:10.1016/j.smrv.2018.10.006,Meta-analysis: insomnia prospectively predicts depression (OR 2.83) and anxiety (OR 3.23); matches impaired sleep (-1) with distress.
base (Michelini 2021),Arousal and Regulatory Systems,Sleep-Wakefulness,,Disinhibited Externalizing,Substance Abuse,-1,medium,corroborated,0.60,1.10,1.00,0.660,-0.660,"p.9 'more tentative link...with the HiTOP Disinhibited Externalizing spectrum and its Substance Abuse and Antisocial Behavior subfactors, as lower sleep quality is associated with...substance abuse'",,Hertenstein et al. 2019; PMID 30537570; doi:10.1016/j.smrv.2018.10.006,Meta-analysis: insomnia predicts alcohol abuse (OR 1.35); matches impaired sleep (-1) with substance abuse.
base (Michelini 2021),Arousal and Regulatory Systems,Sleep-Wakefulness,,Disinhibited Externalizing,Antisocial Behavior,-1,medium,consistent_indirect,0.60,1.00,1.00,0.600,-0.600,"p.9 '...HiTOP Disinhibited Externalizing...Antisocial Behavior subfactors, as lower sleep quality...with externalizing problems'",,Hertenstein et al. 2019; PMID 30537570; doi:10.1016/j.smrv.2018.10.006,Insomnia predicts broad psychopathology incl. substance/externalizing; antisocial-specific link is indirect but same -1 direction.
extended (literature),Positive Valence Systems,Reward Responsiveness,Reward Satiation,Disinhibited Externalizing,Substance Abuse,-1,medium,literature-sourced (new),0.60,1.00,0.85,0.510,-0.510,"LeMon JV et al., 2019, Physiology & Behavior; PMID 30858100; DOI 10.1016/j.physbeh.2019.03.005; de Jong JW et al., 2013, PLoS ONE; PMID 24058616; DOI 10.1371/journal.pone.0074645","Binge-eating-prone rats fail to suppress responding for a reinforcer devalued by sensory-specific satiety (insensitivity to reward devaluation/satiation), i.e. impaired satiation drives addiction-like overconsumption. Deficit pattern: lower satiation function maps to more disinhibited/addiction-like behavior, hence -1. Closest in-scope column is Disinhibited Externalizing/Substance Abuse via the food-addiction framing; HiTOP Eating Pathology (the most direct target) is NOT an in-scope column here. | Rats with low control over palatable food intake (addiction-like: high motivation, persistence despite aversive consequences) were less sensitive to reward devaluation and more prone to relapse/reinstatement; reduced satiation-driven devaluation co-occurs with habitual, addiction-like consumption. Impaired satiation maps to more substance/addiction-like externalizing pathology, hence -1.","LeMon JV et al., 2019, Physiology & Behavior; PMID 30858100; DOI 10.1016/j.physbeh.2019.03.005; de Jong JW et al., 2013, PLoS ONE; PMID 24058616; DOI 10.1371/journal.pone.0074645",
extended (literature),Positive Valence Systems,Reward Responsiveness,Reward Satiation,Internalizing,Distress,-1,medium,literature-sourced (new),0.60,1.00,0.85,0.510,-0.510,"Serretti A, 2023, Clinical Psychopharmacology and Neuroscience; PMID 37424409; DOI 10.9758/cpn.23.1086; Borsini A et al., 2020, Cognitive Affective & Behavioral Neuroscience; PMID 32472419; DOI 10.3758/s13415-020-00804-6","Anhedonia (a spectrum of reward-processing deficits including blunted reward liking/consummatory pleasure, i.e. diminished hedonic responsiveness) is a core symptom of depressive disorders and a transdiagnostic internalizing feature. Blunted hedonic/satiation-related reward function maps to more depression/distress, hence deficit-pattern -1. | Systematic review of 59 fMRI studies: MDD shows striatal hypoactivation in reward liking/wanting and blunted frontostriatal sensitivity, characterizing anhedonia as blunted hedonic/reward responsiveness. Impaired hedonic reward function maps to more depressive (Internalizing/Distress) pathology, hence -1.","Serretti A, 2023, Clinical Psychopharmacology and Neuroscience; PMID 37424409; DOI 10.9758/cpn.23.1086; Borsini A et al., 2020, Cognitive Affective & Behavioral Neuroscience; PMID 32472419; DOI 10.3758/s13415-020-00804-6",
extended (literature),Arousal and Regulatory Systems,Circadian Rhythms,,Internalizing,Distress,-1,high,literature-sourced (new),0.85,1.00,0.85,0.722,-0.722,"Dollish HK, Tsyglakova M, McClung CA, 2023, Neuron; PMID 37858331; DOI 10.1016/j.neuron.2023.09.023; Kivela L, Papadopoulos MR, Antypa N, 2018, Current Sleep Medicine Reports; PMID 29888167; DOI 10.1007/s40675-018-0113-8","Review: all mood disorders (SAD, MDD, bipolar) are strongly associated with abnormal/disrupted circadian rhythms; circadian and light/dark disruptions precipitate depressive episodes and circadian-targeting therapies are antidepressant. Weaker/disrupted circadian regulation maps to more depression/distress, hence -1. Bipolar/mania has strong circadian ties but is not a clean in-scope HiTOP column. | Review: eveningness/circadian misalignment is well established cross-sectionally with depression including seasonal affective disorder, with longitudinal support; support for anxiety disorders and psychosis was weaker. In bipolar disorder chronotype is linked to depression but not mania (noted: mania not an in-scope column). Disrupted circadian regulation maps to more depressive/internalizing pathology, hence -1.","Dollish HK, Tsyglakova M, McClung CA, 2023, Neuron; PMID 37858331; DOI 10.1016/j.neuron.2023.09.023; Kivela L, Papadopoulos MR, Antypa N, 2018, Current Sleep Medicine Reports; PMID 29888167; DOI 10.1007/s40675-018-0113-8",
extended (literature),Arousal and Regulatory Systems,Circadian Rhythms,,Thought Disorder,,-1,medium,literature-sourced (new),0.60,1.00,0.85,0.510,-0.510,"Meyer N et al., 2024, PNAS; PMID 38394243; DOI 10.1073/pnas.2214756121; Moon E, Lavin P, Storch KF, Linnaranta O, 2020, Progress in Neuro-Psychopharmacology & Biological Psychiatry; PMID 33152385; DOI 10.1016/j.pnpbp.2020.110162","Review framing sleep-circadian dysfunction as a transdiagnostic contributor across mood, anxiety, and psychosis-spectrum disorders, integrating circadian disruption into psychosis pathophysiology. Disrupted circadian regulation maps to more thought-disorder/psychosis pathology, hence -1. | Systematic review/meta-analysis: schizophrenia patients show transdiagnostic circadian abnormalities (decreased amplitude of cortisol, melatonin, body-temperature rhythms); high prevalence and unfavorable impact of disrupted circadian rhythms in psychotic illness. Weaker/disrupted circadian rhythmicity maps to more thought-disorder pathology, hence -1.","Meyer N et al., 2024, PNAS; PMID 38394243; DOI 10.1073/pnas.2214756121; Moon E, Lavin P, Storch KF, Linnaranta O, 2020, Progress in Neuro-Psychopharmacology & Biological Psychiatry; PMID 33152385; DOI 10.1016/j.pnpbp.2020.110162",
extended (literature),Arousal and Regulatory Systems,Circadian Rhythms,,Disinhibited Externalizing,Substance Abuse,-1,high,literature-sourced (new),0.85,1.00,0.85,0.722,-0.722,"Steardo L Jr et al., 2025, Sleep Medicine Reviews; PMID 40570562; DOI 10.1016/j.smrv.2025.102116; Meneo D et al., 2023, Sleep Medicine Reviews; PMID 37269785; DOI 10.1016/j.smrv.2023.101792","Systematic review with meta-analysis (5 studies): evening preference confers significantly higher odds of substance use disorder vs morning preference (pooled OR=1.55, 95% CI 1.20-1.95), plus earlier onset, greater severity, poorer outcomes. Eveningness reflects circadian misalignment/weaker regulation; disrupted circadian function maps to more substance-abuse pathology, hence -1. | Systematic review and meta-analysis (46 studies) of young adults: evening chronotype was associated with alcohol, caffeine, and nicotine use. Eveningness/circadian misalignment maps to more substance use, hence deficit-pattern -1.","Steardo L Jr et al., 2025, Sleep Medicine Reviews; PMID 40570562; DOI 10.1016/j.smrv.2025.102116; Meneo D et al., 2023, Sleep Medicine Reviews; PMID 37269785; DOI 10.1016/j.smrv.2023.101792",
extended (literature),Sensorimotor Systems,Motor Actions,,Thought Disorder,,-1,high,literature-sourced (new),0.85,1.00,0.85,0.722,-0.722,"Bora et al. 2018, Eur Neuropsychopharmacol; PMID 30170709; DOI 10.1016/j.euroneuro.2018.08.006","Neurological soft signs (subtle deficits in motor coordination, sensory integration and sequencing of complex motor acts) are robustly elevated in schizophrenia (d up to ~1.5) and bipolar disorder. Deficit pattern: impaired/abnormal motor function tracks more psychosis-spectrum pathology, hence -1.","Bora et al. 2018, Eur Neuropsychopharmacol; PMID 30170709; DOI 10.1016/j.euroneuro.2018.08.006",
extended (literature),Sensorimotor Systems,Motor Actions,,Internalizing,Distress,-1,high,literature-sourced (new),0.85,1.00,0.85,0.722,-0.722,"Wuthrich et al. 2022, Psychol Med; PMID 35550677; DOI 10.1017/S0033291722000903","Actigraphy meta-analysis (34 studies, n=1804): depressed/bipolar patients show reduced motor activity vs controls (psychomotor slowing/retardation), even in remission. Reduced motor output (lower function) tracks more Distress, hence -1.","Wuthrich et al. 2022, Psychol Med; PMID 35550677; DOI 10.1017/S0033291722000903",
extended (literature),Sensorimotor Systems,Motor Actions,Action Planning and Selection,Thought Disorder,,-1,medium,literature-sourced (new),0.60,1.00,0.85,0.510,-0.510,"Hirjak et al. (NSS literature) / Bora et al. 2018, Eur Neuropsychopharmacol; PMID 30170709; DOI 10.1016/j.euroneuro.2018.08.006","Sequencing of complex motor acts (fist-edge-palm, fist-ring, Ozeretski tasks) is a core NSS domain impaired in schizophrenia; reflects deficient motor planning/selection. Impairment tracks more Thought Disorder, hence -1.","Hirjak et al. (NSS literature) / Bora et al. 2018, Eur Neuropsychopharmacol; PMID 30170709; DOI 10.1016/j.euroneuro.2018.08.006",
extended (literature),Sensorimotor Systems,Motor Actions,Sensorimotor Dynamics,Thought Disorder,,-1,medium,literature-sourced (new),0.60,1.00,0.85,0.510,-0.510,"Bora et al. 2018, Eur Neuropsychopharmacol; PMID 30170709; DOI 10.1016/j.euroneuro.2018.08.006","Sensory integration / sensorimotor coordination deficits form a robust NSS domain in schizophrenia and bipolar disorder, present in neuroleptic-naive first-episode patients. Deficit pattern -> -1 with Thought Disorder.","Bora et al. 2018, Eur Neuropsychopharmacol; PMID 30170709; DOI 10.1016/j.euroneuro.2018.08.006",
extended (literature),Sensorimotor Systems,Motor Actions,Initiation,Thought Disorder,,-1,medium,literature-sourced (new),0.60,1.00,0.85,0.510,-0.510,"Caroff et al. 2022, Schizophr Res; PMID 36404216; DOI 10.1016/j.schres.2022.11.015","Catatonia (akinesia, mutism, impaired motor initiation/abulia) is a psychomotor syndrome occurring in schizophrenia; impaired initiation of action is a marker of psychosis-spectrum severity, hence -1 with Thought Disorder.","Caroff et al. 2022, Schizophr Res; PMID 36404216; DOI 10.1016/j.schres.2022.11.015",
extended (literature),Sensorimotor Systems,Motor Actions,Initiation,Internalizing,Distress,-1,medium,literature-sourced (new),0.60,1.00,0.85,0.510,-0.510,"Wuthrich et al. 2022, Psychol Med; PMID 35550677; DOI 10.1017/S0033291722000903","Psychomotor retardation in depression includes reduced initiation/latency of movement (lower activity on actigraphy). Lower initiation tracks more Distress, hence -1.","Wuthrich et al. 2022, Psychol Med; PMID 35550677; DOI 10.1017/S0033291722000903",
extended (literature),Sensorimotor Systems,Motor Actions,Execution,Thought Disorder,,-1,high,literature-sourced (new),0.85,1.00,0.85,0.722,-0.722,"Bora et al. 2018, Eur Neuropsychopharmacol; PMID 30170709; DOI 10.1016/j.euroneuro.2018.08.006",Abnormal motor execution / dyskinetic and coordination NSS are well-established markers of schizophrenia (prevalence >50% vs ~5% in controls) and correlate with psychosis severity. Impaired execution -> -1 with Thought Disorder.,"Bora et al. 2018, Eur Neuropsychopharmacol; PMID 30170709; DOI 10.1016/j.euroneuro.2018.08.006",
extended (literature),Sensorimotor Systems,Motor Actions,Inhibition and Termination,Disinhibited Externalizing,,-1,high,literature-sourced (new),0.85,1.00,0.85,0.722,-0.722,"Lipszyc & Schachar 2010, J Int Neuropsychol Soc (stop-signal meta-analysis); PMID 20719043; DOI 10.1017/S1355617710000895","Stop-signal task meta-analysis: medium SSRT deficits in ADHD (g=0.62), reflecting impaired motor response inhibition central to disinhibitory externalizing psychopathology. Impaired inhibition -> -1.","Lipszyc & Schachar 2010, J Int Neuropsychol Soc (stop-signal meta-analysis); PMID 20719043; DOI 10.1017/S1355617710000895",
extended (literature),Sensorimotor Systems,Motor Actions,Inhibition and Termination,Disinhibited Externalizing,Antisocial Behavior,-1,medium,literature-sourced (new),0.60,1.00,0.85,0.510,-0.510,"Pasion et al. 2019, Rev Neurosci (N2/antisocial meta-analysis); PMID 30954973; DOI 10.1515/revneuro-2018-0116",Reduced N2 (motor-inhibition ERP) across the antisocial spectrum; inhibition was the core deficit explaining blunted N2 amplitudes in antisocial/impulsive behavior. Impaired motor inhibition -> -1 with Antisocial Behavior.,"Pasion et al. 2019, Rev Neurosci (N2/antisocial meta-analysis); PMID 30954973; DOI 10.1515/revneuro-2018-0116",
extended (literature),Sensorimotor Systems,Motor Actions,Inhibition and Termination,Thought Disorder,,-1,medium,literature-sourced (new),0.60,1.00,0.85,0.510,-0.510,"Lipszyc & Schachar 2010, J Int Neuropsychol Soc; PMID 20719043; DOI 10.1017/S1355617710000895","Same stop-signal meta-analysis found medium SSRT deficits in schizophrenia (g=0.69), indicating impaired motor inhibition in psychosis. Deficit pattern -> -1 with Thought Disorder.","Lipszyc & Schachar 2010, J Int Neuropsychol Soc; PMID 20719043; DOI 10.1017/S1355617710000895",
extended (literature),Sensorimotor Systems,Agency and Ownership,,Thought Disorder,,-1,high,literature-sourced (new),0.85,1.00,0.85,0.722,-0.722,"Malik et al. 2022, Neurosci Biobehav Rev; PMID 35780975; DOI 10.1016/j.neubiorev.2022.104759","Comprehensive review: aberrant sense of agency (passivity phenomena, delusions of control) is characteristic of schizophrenia; disrupted agency for one's own actions maps to the Thought Disorder spectrum. Impaired/anomalous agency -> -1.","Malik et al. 2022, Neurosci Biobehav Rev; PMID 35780975; DOI 10.1016/j.neubiorev.2022.104759",
extended (literature),Sensorimotor Systems,Agency and Ownership,,Detachment,,-1,medium,literature-sourced (new),0.60,1.00,0.85,0.510,-0.510,"Malik et al. 2022, Neurosci Biobehav Rev; PMID 35780975; DOI 10.1016/j.neubiorev.2022.104759","Anomalous agency and ownership (depersonalization-like disturbances of self-experience) relate to detachment/dissociative self-disturbance; diminished sense of agency tracks more Detachment, hence -1.","Malik et al. 2022, Neurosci Biobehav Rev; PMID 35780975; DOI 10.1016/j.neubiorev.2022.104759",
extended (literature),Sensorimotor Systems,Agency and Ownership,,Somatoform,,-1,medium,literature-sourced (new),0.60,1.00,0.85,0.510,-0.510,"Maurer et al. 2016, NeuroImage Clin / Nahab et al. 2017 (impaired agency in functional movement disorders); PMC5407819","fMRI evidence of impaired sense of agency in functional movement disorders (DSM-5 functional neurological/conversion disorder, a somatoform-spectrum condition): movements feel involuntary due to prediction-outcome mismatch and reduced sensory attenuation. Loss of agency -> -1 with Somatoform.","Maurer et al. 2016, NeuroImage Clin / Nahab et al. 2017 (impaired agency in functional movement disorders); PMC5407819",
extended (literature),Sensorimotor Systems,Habit - Sensorimotor,,Disinhibited Externalizing,Substance Abuse,+1,medium,literature-sourced (new),0.60,1.00,0.85,0.510,+0.510,Everitt & Robbins / Lüscher et al. addiction habit-compulsivity reviews (substance use disorder habit learning),"Addiction models posit a shift from goal-directed control to stimulus-response (sensorimotor) habit learning that drives compulsive drug seeking. Stronger/overactive habit system tracks more substance abuse, hence +1.",Everitt & Robbins / Lüscher et al. addiction habit-compulsivity reviews (substance use disorder habit learning),
extended (literature),Sensorimotor Systems,Habit - Sensorimotor,,Disinhibited Externalizing,,+1,low,literature-sourced (new),0.35,1.00,0.85,0.297,+0.297,Gillan & Robbins compulsivity/habit reviews (habit learning in compulsive disorders),Excessive reliance on the sensorimotor habit system over goal-directed control is implicated in compulsive/disinhibited behavior more broadly. Overactive habit learning -> +1 with Disinhibited Externalizing.,Gillan & Robbins compulsivity/habit reviews (habit learning in compulsive disorders),
extended (literature),Sensorimotor Systems,Innate Motor Patterns,,Thought Disorder,,-1,low,literature-sourced (new),0.35,1.00,0.85,0.297,-0.297,"Caroff et al. 2022, Schizophr Res; PMID 36404216; DOI 10.1016/j.schres.2022.11.015","Catatonia involves disturbance of innate/automatic motor patterns (posturing, stereotypy, mannerisms, waxy flexibility, primitive reflexes/grasping) in schizophrenia; disrupted innate motor patterning marks psychosis-spectrum pathology, hence -1 with Thought Disorder.","Caroff et al. 2022, Schizophr Res; PMID 36404216; DOI 10.1016/j.schres.2022.11.015",
